name,supported_socket,type
be quiet! Dark Rock 4  - 135mm,"1150, 1151, 1155, 1156, 1366, 2011, 2011-V3, 2066, 754, 775, 939, 940, AM2, AM3, AM3+, AM4, FM1, FM2, FM2+, AM5, 1700",Air
Arctic Freezer 34  - 120mm,"1150, 1151, 1155, 1156, 2011, 2011-V3, 2066, AM4",Air
"Arctic Freezer 34 eSports Duo , 2x 120mm - red","1150, 1151, 1155, 1156, 1366, 2011, 2011-V3, 2066, 775, AM2, AM3, AM3+, AM4, FM1, FM2, FM2+, 1700",Air
"Arctic Freezer 34 eSports Duo , 2x 120mm - white","1150, 1151, 1155, 1156, 1366, 2011, 2011-V3, 2066, 775, AM2, AM3, AM3+, AM4, FM1, FM2, FM2+, 1700",Air
Arctic Freezer A11  - 92mm,"AM2, AM3, AM3+, FM1, FM2, FM2+",Air
Arctic Freezer A32  - 120mm,"AM2, AM3, AM3+, FM1, FM2, FM2+",Air
Arctic Freezer I11  - 92mm,"1150, 1151, 1155, 1156, 2011, 2011-V3",Air
Arctic Freezer i32,"1150, 1151, 1155, 1156, 2011, 2011-V3",Air
Arctic Liquid Freezer II Processor,"1150, 1151, 1155, 1156, 2011, 2011-V3, 2066, AM4",AIO
Arctic Liquid Freezer II Processor,"1150, 1151, 1155, 1156, 2011, 2011-V3, 2066, AM4",AIO
Arctic Liquid Freezer II Processor,"1150, 1151, 1155, 1156, 2011, 2011-V3, 2066",AIO
be quiet! Dark Rock Pro 4  - 135mm,"1150, 1151, 1155, 1156, 1366, 2011, 2011-V3, 2066, AM2, AM3, AM3+, AM4, FM1, FM2, FM2+, AM5, 1700",Air
be quiet! Pure Rock  - 120mm,"1150, 1151, 1155, 1156, 1366, 2011, 2011-V3, 2066, 754, 775, 939, 940, AM2, AM3, AM3+, AM4, FM1, FM2, FM2+",Air
Cooler Master Hyper 212 Black Edition - 120mm,"1150, 1151, 1155, 1156, 1366, 2011, 2011-V3, 2066, AM2, AM3, AM3+, AM4, FM1, FM2, FM2+",Air
Corsair Cooling Hydro Series H100i Pro,"1150, 1151, 1155, 1156, 2011, 2011-V3, 2066, AM2, AM3, AM3+, AM4, TR4, sTRX4",AIO
Corsair Cooling Hydro Series H115i PRO,"1150, 1151, 1155, 1156, 1366, 2011, 2011-V3, 2066, AM2, AM3, AM4, FM1, FM2, TR4, sTRX4",AIO
"Corsair Cooling Hydro Series H150i PRO , RGB","1150, 1151, 1155, 1156, 1366, 2011, 2011-V3, 2066, AM2, AM3, AM4, FM1, FM2, TR4, sTRX4",AIO
Noctua NH-U12DO A3 120mm SSO,"G34, C32",Air
"Noctua NH-U9S 92mm SSO2 U-Type Premium , NF-A9 PWM Fans, Retail","2011, 1156,1155, 1150, AM2,AM2+,AM3, AM3+, FM1, FM2",Air
Scythe Fuma,"775, 1150, 1151, 1155, 1156, 1366, 2011, 2011-V3, AM2, AM2+, AM3, AM3+, FM1, FM2, FM2+",Air
Scythe FUMA 2 Rev. B,"2066, 2011-V3, 2011, 1700, 1200, 1150, 1151, 1155, 1156, AM4, AM3, AM2, FM2, FM1",Air
Scythe Mugen 5 Rev. C,"2066, 2011-V3, 1700, 1200, 1150, 1151, 1155, 1156, AM4, AM3, AM2, FM2, FM1",Air
Scythe SCFM-2000 FUMA 2,"1150, 1151, 1155, 1156, 1366, 2011, 2011-V3, 2066, 775, AM2, AM3, AM3+, AM4, FM1, FM2, FM2+, 1700",Air
Thermalright Peerless Assasin 120 SE - 120mm,"2011-V1, 2066, 2011-V3, 2011, 1700, 1200, 1156, 1155, 1151, 1150, AM5, AM4",Air
Thermalright Peerless Assasin 120 SE A-RGB - 120 mm,"1700, 1200, 1156, 1155, 1154, 1152, 1151, 1150, AM5, AM4",Air
Thermalright Silver Arrow IB-E Extreme Cooler,"2011, 2011-V3, 1366, 1150, 1151, 1155, 1156, 775, AM2, AM2+, AM3, AM3+, FM1, FM2, FM2+, AM4",Air
Aerocool Core Plus,"1200, 1150, 1151, 1155, 1156, 775, AM4, AM3+, AM3, AM2, FM2, FM1",Air
Aerocool Cylon 3,"1150, 1151, 1155, 1156, 775, AM4, AM3+, AM3, AM2, FM2, FM1",Air
Aerocool Cylon 3H,"1200, 1150, 1151, 1155, 1156, 775, AM4, AM3+, AM3, AM2+, AM2, FM2, FM1",Air
Aerocool Cylon 4,"1150, 1151, 1155, 1156, 2011-V3, 2011, 2066, 775, AM4, AM3+, AM3, AM2, FM2+, FM2, FM1",Air
Aerocool Cylon 4F,"1150, 1151, 1155, 1156, 2011-V3, 2011, 2066, 775, AM4, AM3+, AM3, AM2, FM2+, FM2, FM1",Air
Aerocool Mirage 5 Processor Kühler,"1200, 1150, 1151, 1155, 1156, 2011, 2066, 775, AM4, AM3+, AM3, AM2, FM2, FM1",Air
Aerocool P7-L240,"1150, 1151, 1155, 1156, 1366, 2011, 2011-V3, 2066, 775, AM2, AM3, AM3+, AM4, FM1, FM2",AIO
Aerocool Verkho 2 - 92mm,"1152, 755, 1150, 1151, 1155, 1156, AM4, AM3+, AM3, AM2+, AM2, FM2, FM1",Air
Aerocool Verkho 2 Plus - 120mm,"1152, 755, 1200, 1150, 1151, 1155, 1156, AM4, AM3+, AM3, AM2+, AM2, FM2, FM1",Air
Aerocool Verkho 3 Plus - 120mm,"1152, 755, 1200, 1150, 1151, 1155, 1156, AM4, AM3+, AM3, AM2+, AM2, FM2, FM1",Air
Aerocool Verkho 4 Dark - 120mm,"1152, 755, 1200, 1150, 1151, 1155, 1156, AM4, AM3+, AM3, AM2+, AM2, FM2, FM1",Air
Aerocool Verkho 5 Dark,"1152, 755, 1200, 1150, 1151, 1155, 1156, AM4, AM3+, AM3, AM2+, AM2, FM2, FM1",Air
Akasa AK-955A-BV2,"1200, 1150, 1151, 1155, 1156, 775",Air
Akasa AK-959CU  - 92mm,"1150, 1151, 1155, 1156, 775",Air
Akasa AK-CC1101EP02 Low Profile  AMD - 80 mm,"754, 939, AM2, AM3, AM3+, FM1, FM2, FM2+",Air
Akasa AK-CC1107EP01  AMD - 80 mm,"754, 939, 940, AM2, AM3, AM3+, AM4, FM1, FM2, FM2+",Air
Akasa AK-CC4007EP01 Nero 3 Processor Cooler - 120mm,"1150, 1151, 1155, 1156, 1366, 2011, 2011-V3, 775, AM2, AM2+, AM3, AM3+, FM1, FM2, FM2+",Air
Akasa AK-CC4008HP01 Venom Voodoo  - 120mm,"1150, 1151, 1155, 1156, 1366, 2011, 2011-V3, 2066, 775, AM2, AM3, AM3+, FM1, FM2, FM2+",Air
Akasa AK-CC4009EP01 Venom Pico  - 92mm,"1150, 1151, 1155, 1156, 775, AM2, AM2+, AM3, AM3+, FM1, FM2, FM2+",Air
Akasa AK-CC4010HP01 Medusa  - 120/140mm,"1150, 1151, 1155, 1156, 1366, 2011, 2011-V3, 2066, 775, AM2, AM3, AM3+, FM1, FM2, FM2+",Air
Akasa AK-CC6308EP01 Low Profile  - 92mm,"1200, 1150, 1151, 1155, 1156",Air
Akasa AK-CC6601EP01 Low Profile - socket LGA 1700,1700,Air
Akasa AK-CC6602HP01 Low Profile - socket LGA 1700,1700,Air
Akasa AK-CC6603EP01 Low Profile - socket LGA 1700,1700,Air
Akasa AK-CC6606BP01 Low Profile - socket LGA 1700,1700,Air
Akasa AK-CC6607EP01 Low Profile - socket LGA 1700,1700,Air
Akasa AK-CC6608BP01 Low Profile - socket LGA 1700,1700,Air
Akasa AK-CC6609EP01 Low Profile - socket LGA 1700,1700,Air
Akasa AK-CC7108EP01  - 92mm,"1150, 1151, 1155, 1156, 775",Air
Akasa AK-CC7117EP01 K32  - 92mm,"1150, 1151, 1155, 1156, 775",Air
Akasa AK-CC7118HP01 K25  - 74mm,"1150, 1151, 1155, 1156, 775",Air
Akasa AK-CC7122BP01 Low Profile  - 74mm,"1150, 1151, 1155, 1156, 775",Air
Akasa AK-CC7124EP01 Low Profile  - 74mm,"1150, 1151, 1155, 1156",Air
Akasa AK-CC7129BP01 Low Profile  - 74mm,"1150, 1151, 1155, 1156, 775",Air
Akasa AK-CC7401BT01 1U Low Profile - socket LGA 1700,"1700, 1200, 1150, 1152, 1151, 1155, 1156, 775",Air
Akasa AK-CC7402BT01 2U Low Profile - socket LGA 1700,"1356 , 1700, 1366, 1200, 1150, 1152, 1151, 1155, 1156",Air
Akasa AK-CCE-7101CP  mit Kugellager für 775/115X - 92mm,"1150, 1151, 1155, 1156, 775",Air
Akasa AK-CCE-7106HP Low Profile  Intel - 74mm,"1150, 1151, 1155, 1156, 775",Air
Akasa Alucia H4 High Performance Processor Kühler,"1200, 1150, 1151, 1155, 1156, 2011, 2066, AM4",Air
Akasa Alucia H4 Plus High Performance Processor Kühler,"2066, 2011, 1700, 1200, 1150, 1151, 1155, 1156, AM4",Air
Akasa Aluminium Kühler 50mm Fan socket A,"Sockel A, Sockel 370",Air
Akasa Dual Socket Low Noise PWM  für 775/115X - 80mm,"1150, 1151, 1155, 1156, 775",Air
Akasa Nero LX 2  - 120 mm,"1150, 1151, 1155, 1156, 1366, 775, AM2, AM3, AM3+, FM1, FM2, FM2+",Air
Akasa SOHO 240 Dusk Edition  - 240 mm,"2066, 2011-V3, 2011, 1700, 1200, 1150, 1152, 1151, 1155, 1156, AM4",AIO
Akasa SOHO 360 Dusk Edition  - 360 mm,"2066, 2011-V3, 2011, 1700, 1200, 1150, 1152, 1151, 1155, 1156, AM4",AIO
Akasa Soho H4 Processor Kühler,"1200, 1150, 1151, 1155, 1156, 2011, 2066, AM4",Air
Akasa SOHO H4 plus Processor Kühler,"2066, 2011-V3, 2011, 1700, 1200, 1150, 1152, 1151, 1155, 1156, AM4",Air
Akasa Sunflower Mini-Top-Flow- - 120mm,"AM4, AM3+",Air
Akasa Vegas Chroma AM,"AM4, AM3+",Air
Akasa Vegas Chroma LG,"1150, 1151, 1155, 1156",Air
Akasa Venom A10,"1150, 1151, 1155, 1156, 1366, 2011, 775, AM2, AM3, AM3+, AM4, FM1, FM2, FM2+",AIO
Akasa Venom A20,"1150, 1151, 1155, 1156, 1366, 2011, 2011-V3, 775, AM2, AM3, AM3+, AM4, FM1, FM2",AIO
Alpenföhn Atlas  - 2x92mm,"1150, 1151, 1155, 1156, 1366, 2011, 2011-V3, 2066, 775, AM2, AM3, AM3+, FM1, FM2, FM2+",Air
Alpenföhn Ben Nevis  - 120mm,"1150, 1151, 1155, 1156, 2011, 2011-V3, AM2, AM3, AM3+, AM4, FM1, FM2, FM2+, AM5, 1700",Air
Alpenföhn Ben Nevis Advanced  - 130mm,"1150, 1151, 1155, 1156, 2011, 2011-V3, 2066, AM2, AM3, AM3+, AM4, FM1, FM2, FM2+, AM5, 1700",Air
Alpenföhn Ben Nevis Advanced RGB Black Edition - 130mm,"1150, 1151, 1155, 1156, 2011, 2011-V3, 2066, AM2, AM3, AM3+, AM4, FM1, FM2, FM2+",Air
Alpenföhn Black Ridge  - 120mm,"1150, 1151, 1155, 1156, AM2, AM3, AM3+, AM4, FM1, FM2, FM2+",Air
Alpenföhn Brocken 2  - 140 mm,"1150, 1151, 1155, 1156, 1366, 2011, 2011-V3, 775, AM2, AM3, AM3+, FM1",Air
Alpenföhn Brocken 2 PCGH Edition  - 140 mm,"1150, 1151, 1155, 1156, 1366, 2011, 2011-V3, 2066, 775, AM2, AM3, AM3+, FM1, FM2, FM2+",Air
Alpenföhn Brocken 3  - 140mm,"1150, 1151, 1155, 1156, 1366, 2011, 2011-V3, 2066, 775, AM3, AM3+, AM4, FM1, AM5",Air
Alpenföhn Brocken 3 Black Edition  - 2x140mm,"1150, 1151, 1155, 1156, 1366, 2011, 2011-V3, 775, AM2, AM3, AM3+, AM4, FM1, FM2, FM2+, AM5",Air
Alpenföhn Brocken 3 White Edition  - 2x140mm,"1150, 1151, 1155, 1156, 1366, 2011, 2011-V3, 775, AM2, AM3, AM3+, AM4, FM1, FM2, FM2+",Air
Alpenföhn Brocken 4 - 120mm,"1154, 2066, 2011-V3, 2011, 1700, 1200, 1150, 1152, 1151, 1155, 1156, AM5, AM4",Air
Alpenföhn Brocken 4 Max - 2x 120mm,"1154, 2066, 2011-V3, 2011, 1700, 1200, 1150, 1152, 1151, 1155, 1156, AM5, AM4",Air
Alpenföhn Brocken ECO  - 120 mm,"1150, 1151, 1155, 1156, 1366, 2011, 2011-V3, 2066, AM2, AM3, AM3+, FM1, FM2, FM2+",Air
Alpenföhn Brocken ECO Advanced - 120mm,"1150, 1151, 1155, 1156, 1366, 2011, 2011-V3, 2066, 775, AM2, AM3, AM3+, AM4, FM1, FM2, FM2+",Air
Alpenföhn Dolomit - 92mm,"1200, 1150, 1151, 1155, 1156, 2011-V3, 2011, 2066, AM4, AM5",Air
Alpenföhn Dolomit Advanced - 120mm,"1200, 1150, 1151, 1155, 1156, 2011-V3, 2011, 2066, AM4, AM5",Air
Alpenföhn Dolomit Premium - 120mm,"1200, 1150, 1151, 1155, 1156, 2011-V3, 2011, 2066, AM4, AM5",Air
"Alpenföhn Gletscherwasser 240 , ARGB - white","1200, 1150, 1151, 1155, 1156, 1366, 2011, 2066, AM4, AM3+, AM2+, FM1, sTRX4, TR4, AM5, 1700",AIO
"Alpenföhn Gletscherwasser 280 , ARGB , black","1200, 1150, 1151, 1155, 1156, 1366, 2011, 2066, AM2, AM3, AM3+, AM4, FM1, TR4, sTRX4, AM5, 1700",AIO
"Alpenföhn Gletscherwasser 280 , ARGB - white","1200, 1150, 1151, 1155, 1156, 1366, 2011, 2066, AM4, AM3+, AM2+, FM1, sTR4, TR4, AM5, 1700",AIO
"Alpenföhn Gletscherwasser 360 , ARGB - white","1200, 1150, 1151, 1155, 1156, 1366, 2011, 2066, AM4, AM3+, AM2+, FM1, sTRX4, TR4, AM5, 1700",AIO
Alpenföhn Matterhorn Black Edition  Rev. C - 120mm,"1150, 1151, 1155, 1156, 1366, 2011, 2011-V3, 2066, 775, AM2, AM3, AM3+, FM1, FM2, FM2+",Air
Alpenföhn Matterhorn Pure Edition  - 120 mm,"1150, 1151, 1155, 1156, 1366, 2011, 2011-V3, 2066, AM2, AM3, AM3+, FM1, FM2, FM2+",Air
Alpenföhn Matterhorn Threadripper Edition,"TR4, sTRX4",Air
Alpenföhn Matterhorn White Edition  Rev. C - 120mm,"1150, 1151, 1155, 1156, 1366, 2011, 2011-V3, 2066, 775, AM2, AM3, AM3+, FM1, FM2, FM2+",Air
Alpenföhn Olymp  - 2x140mm,"1150, 1151, 1155, 1156, 1366, 2011, 2011-V3, 2066, 775, AM2, AM3, AM3+, FM1, FM2, FM2+",Air
Alpenföhn Panorama  - 100mm,"1150, 1151, 1155, 1156, 775, AM2, AM3, AM3+, FM1, FM2, FM2+",Air
Alpenföhn Sella  - 92mm,"1150, 1151, 1155, 1156, 775, AM2, AM3, AM3+, AM4, FM1, FM2, FM2+",Air
"Alpenföhn Super Silent SI 2, AMD  - 92mm","AM2, AM3, AM3+, FM1",Air
Alphacool Core Ocean T38 120mm Processor Digital,"2066, 1700, 1200, 1150, 1152, 1151, 1155, 1156, AM5, AM4",AIO
Alphacool Core Ocean T38 240mm Processor Digital,"2066, 1700, 1200, 1150, 1152, 1151, 1155, 1156, AM5, AM4",AIO
Alphacool Core Ocean T38 280mm Processor Digital,"2066, 1700, 1200, 1150, 1152, 1151, 1155, 1156, AM5, AM4",AIO
Alphacool Core Ocean T38 360mm Processor Digital,"2066, 1700, 1200, 1150, 1152, 1151, 1155, 1156, AM5, AM4",AIO
Alphacool Core Ocean T38 420mm Processor Digital,"2066, 1700, 1200, 1150, 1152, 1151, 1155, 1156, AM5, AM4",AIO
Alphacool Eisbaer Aurora LT240 Processor Digital RGB,"1056, sWRX , 1700, 1200, 1150, 1151, 1155, 2011-V3, 2011, 2066, 775, AM4, AM3+, AM3, AM2+, AM2, FM2+, FM2, FM1, SP3, sTRX4, TR4, AM5",AIO
Alphacool Eisbaer Aurora LT360 Processor Digital RGB,"sWRX , 1700, 1200, 1150, 1151, 1155, 1156, 2011-V3, 2011, 2066, 775, AM4, AM3+, AM3, AM2+, AM2, FM2+, FM2, FM1, SP3, sTRX4, TR4, AM5",AIO
Alphacool Eisbaer Aurora Pro HPE Edition Digital RGB Komplett Wasserkühlung - 360 mm,"4189, 3647, 2066, 2011-V3, 2011, 1700, 1200, 1150, 1152, 1151, 1155, 1156, AM5, AM4, SP3, sWRX8, sTRX4, TR4",AIO
Alphacool Eisbaer Extreme Liquid Processor Cooler 280 - Black Edition,"1150, 1151, 1155, 1156, 1366, 2011, 2011-V3, 2066, AM3, AM3+, AM4, FM1, FM2, FM2+, TR4, sTRX4, AM5, 1700",AIO
"Alphacool Eisbaer Pro Aurora 240 Processor , D-RGB","2011-V3, 2011, 3647, 2066, AM4, SP3, sWRX8, sTRX4, TR4, AM5, 1700",AIO
"Alphacool Eisbaer Pro Aurora 360 Processor , D-RGB","2011-V3, 2011, 3647, 2066, AM4, SP3, sWRX8, sTRX4, TR4, AM5, 1700",AIO
"Alphacool Eisbaer Pro Aurora 420 Processor , D-RGB","TRX40, 1700, 2011-V3, 4189, 3647, 2066, AM4, SP3, sWRX8, sTRX4, TR4, AM5",AIO
Antec  K240,"1150, 1151, 1155, 1156, 1366, 2011, 2011-V3, 2066, 775, AM2, AM3, AM3+, AM4, FM1, FM2, FM2+",AIO
Antec A30  - 92mm,"1150, 1151, 1155, 1156, 775, AM2, AM3, AM3+, AM4, FM1, FM2, FM2+",Air
Antec A40 PRO  - 92mm,"1150, 1151, 1155, 1156, 775, AM2, AM3, AM3+, AM4, FM1, FM2, FM2+",Air
Antec A400 RGB Processor Kühler,"AM2, AM3, AM3+, AM4, FM1, FM2, FM2+",Air
Antec C40  - 92mm,"1150, 1151, 1155, 1156, 775, AM2, AM3, AM3+, AM4, FM1, FM2, FM2+",Air
Antec C400  - 120mm,"1150, 1151, 1155, 1156, 775, AM2, AM3, AM3+, AM4, FM1, FM2, FM2+",Air
Antec Mercury 120,"1150, 1151, 1155, 1156, 1366, 2011, 2066, 775, AM2, AM3, AM3+, AM4, FM1, FM2, FM2+, TR4",AIO
Arctic Alpine 11 GT Rev. 2,"775, 1155, 1156, 1150",Air
Arctic Alpine 11 passiv,"1150, 1151, 1155, 1156",Air
Arctic Alpine 12  - 92mm,"1150, 1151, 1155, 1156",Air
Arctic Alpine 12 CO  - 92mm,"1150, 1151, 1155, 1156",Air
Arctic Alpine 12 LP Low-Profile  - 92mm,"1150, 1151, 1155, 1156",Air
Arctic Alpine 12 passiver  - black,"1150, 1151, 1155, 1156",Air
Arctic Alpine 17,1700,Air
Arctic Alpine 17 CO,1700,Air
Arctic Alpine 64 GT  - 80mm,"754, 939, AM2, AM3, AM3+, AM4, FM1, FM2, FM2+",Air
Arctic Alpine 64 plus  - 92mm,"939, AM2, AM3, AM3+, AM4, FM1, FM2, FM2+",Air
Arctic Alpine 64 Pro Rev.2  - 92mm,"939, AM2, AM3, AM3+, AM4, FM1, FM2, FM2+",Air
Arctic Alpine AM4  - 92mm,AM4,Air
"Arctic Alpine AM4 passiver , black",AM4,Air
Arctic Alpine M1 aktiv,AM1,Air
Arctic Alpine M1 passiv,AM1,Air
ARCTIC COOLING ACALP11-PRO-R2 92mm Fluid Dynamic Alpine 11 Pro Rev. 2  for Intel,"775 , 1155 , 1156 , 1150",Air
ARCTIC COOLING ACALP64 Pro 92mm,"AM3, AM2+, AM2, 939, 754",Air
ARCTIC COOLING ACALP64-GT 80mm Alpine 64 GT,"FM2,FM1,AM3,AM2, 1150,2011,1366,1156,1155,775",Air
ARCTIC COOLING ACFZ11-LP 92mm Fluid Dynamic Freezer 11 LP Intel  for Power Users,"1150,1155,1156,775",Air
ARCTIC COOLING ACFZ13 92mm High Performance  for Intel and AMD,"754 , 939 , AM2 , AM2+ , AM3,   1150 ,  775 ,   1155 ,  1156 ,  1366",Air
ARCTIC COOLING Alpine M1 80mm Fluid Dynamic,AM1,Air
ARCTIC COOLING Freezer 7 Pro Rev.2 92mm Fluid Dynamic,"1150 ,  1366 ,  1156 ,  1155 ,  775, AM3 , AM2+ , AM2 , 939 , 754",Air
ARCTIC COOLING Freezer A32 120mm Fluid Dynamic  with 120 mm Fan for AMD with New Fan Controller Made in Germany and PWM PST,"FM2, FM1, AM3, AM2",Air
ARCTIC COOLING Freezer i32 120mm Fluid Dynamic  with 120 mm Fan for Intel with New Fan Controller Made in Germany and PWM PST,"2011, 1150, 1151, 1155, 1156",Air
"ARCTIC COOLING Freezer i32 CO 120mm Dual Ball Bearing  with 120 mm PWM PST, Dual Ball Bearing for Continuous Operation","2011, 1150, 1151, 1155, 1156",Air
ARCTIC COOLING UCACO-FA11001-CSA01 92mm,"AM2, AM2+, AM3, AM3+, FM1, FM2",Air
ARCTIC COOLING UCACO-FI11001-CSA01 92mm,"2011 ,  1150 , 1155 , 1156",Air
ARCTIC COOLING UCACO-P0900-CSB01 120mm Fluid Dynamic Bearing,"1366 , 1156 , 1155 , 775, FM1 , AM3+ , AM3 , AM2+ , AM2 , 939 , 754",Air
Arctic Freezer 11 LP  - 92mm,"1150, 1151, 1155, 1156, 775",Air
Arctic Freezer 12  - 92mm,"1150, 1151, 1155, 1156, 2011, 2011-V3, 2066, AM4",Air
Arctic Freezer 12 CO  - 92mm,"1150, 1151, 1155, 1156, 2011, 2011-V3, 2066, AM4",Air
Arctic Freezer 13  - 92mm,"1150, 1151, 1155, 1156, 1366, 754, 775, 939, AM2, AM3, AM3+, AM4, FM1, FM2, FM2+",Air
Arctic Freezer 13 Continuous Operation  - 92mm,"1150, 1151, 1155, 1156, 1366, 754, 775, 939, AM2, AM3, AM3+, AM4, FM1, FM2, FM2+",Air
"Arctic Freezer 33 eSports One , white - 120mm","1150, 1151, 1155, 1156, 2011, 2011-V3, 2066, AM4",Air
"Arctic Freezer 33 TR , red - 120mm","2011, 2011-V3, 2066, AM4, TR4",Air
"Arctic Freezer 33 TR , white - 120mm","2011, 2011-V3, 2066, AM4, TR4",Air
Arctic Freezer 34 CO  - 120mm,"1150, 1151, 1155, 1156, 2011, 2011-V3, 2066, AM4",Air
Arctic Freezer 34 eSports,"1150, 1151, 1155, 1156, 1366, 2011, 2011-V3, 2066, 775, AM2, AM3, AM3+, AM4, FM1, FM2, FM2+, 1700",Air
"Arctic Freezer 34 eSports , 120mm - red","1150, 1151, 1155, 1156, 1366, 2011, 2011-V3, 2066, 775, AM2, AM3, AM3+, AM4, FM1, FM2, FM2+, 1700",Air
"Arctic Freezer 34 eSports , 120mm - white","1150, 1151, 1155, 1156, 1366, 2011, 2011-V3, 2066, 775, AM2, AM3, AM3+, AM4, FM1, FM2, FM2+, 1700",Air
Arctic Freezer 50 ARGB - 120mm/140mm,"1200, 1150, 1151, 1155, 1156, 2011-V3, 2011, 2066, AM4",Air
"Arctic Freezer 50 TR - ARGB, 120mm/140mm","TR4, sTRX4",Air
Arctic Freezer 7 Pro PWM Rev.2  - 92mm,"1150, 1151, 1155, 1156, 1366, 775, AM2, AM3, AM3+, AM4, FM1, FM2, FM2+",Air
Arctic Freezer 7X  - 92mm,"1150, 1151, 1155, 1156, 775, AM4, AM3+, AM3, FM2+, FM2, FM1",Air
Arctic Freezer A13X,AM4,Air
Arctic Freezer A13X CO,AM4,Air
Arctic Freezer A35 ARGB,"AM5, AM4",Air
Arctic Freezer i11 CO,"1150, 1151, 1155, 1156, 2011, 2011-V3",Air
Arctic Freezer i13X,"1200, 1150, 1151, 1155, 1156, 2011-V3, 2011, 2066",Air
Arctic Freezer i13X CO,"1200, 1150, 1151, 1155, 1156, 2011-V3, 2011, 2066",Air
Arctic Freezer i32 CO,"1150, 1151, 1155, 1156, 2011, 2011-V3",Air
Arctic Freezer i35 ARGB,"1700, 1200, 1150, 1151, 1155",Air
Arctic Freezer Xtreme Rev.2  - 120mm,"1150, 1151, 1155, 1156, 1366, 775, 939, AM2, AM3, AM3+, AM4, FM1, FM2, FM2+",Air
Arctic Liquid Freezer Processor,"1150, 1151, 1155, 1156, 2011, 2011-V3, AM2, AM3, AM3+, AM4, FM1, FM2, FM2+, TR4",AIO
Arctic Liquid Freezer II ARGB Processor,"2066, 2011-V3, 1700, 1200, 1150, 1152, 1151, 1155, 1156, AM5, AM4",AIO
Arctic Liquid Freezer II Processor,"1150, 1151, 1155, 1156, 2011, 2011-V3, 2066, AM4",AIO
Arctic Liquid Freezer II Processor,"1200, 1150, 1151, 1155, 1156, 2011-V3, 2066, AM3, AM4",AIO
Arctic Liquid Freezer III ARGB Processor,"1700, AM5, AM4",AIO
Arctic Liquid Freezer III ARGB Processor,"1700, AM5, AM4",AIO
Arctic Liquid Freezer III ARGB Processor,"1700, AM5, AM4",AIO
Arctic Liquid Freezer III ARGB Processor,"1700, AM5, AM4",AIO
Arctic Liquid Freezer III ARGB White Processor,"1700, AM5, AM4",AIO
Arctic Liquid Freezer III ARGB White Processor,"1700, AM5, AM4",AIO
Arctic Liquid Freezer III ARGB White Processor,"1700, AM5, AM4",AIO
Arctic Liquid Freezer III ARGB White Processor,"1700, AM5, AM4",AIO
Arctic Liquid Freezer III Processor,"1700, AM5, AM4",AIO
Arctic Liquid Freezer III Processor,"1700, AM5, AM4",AIO
Arctic Liquid Freezer III Processor,"1700, AM5, AM4",AIO
Arctic Liquid Freezer III Processor,"1700, AM5, AM4",AIO
ASUS ProArt LC 420  - black,"1700, 1200, 1156, 1155, 1151, 1150, AM5, AM4",AIO
ASUS ROG RYUJIN 360,"1150, 1151, 1155, 1156, 1366, 2011, 2011-V3, 2066, AM4, TR4, sTRX4",AIO
ASUS ROG Ryujin II 240  - black,"1152, 2066, 2011-V3, 2011, 1366, 1200, 1150, 1151, 1155, 1156, AM4, TR4",AIO
"ASUS ROG Ryujin II 240 ARGB  , black","2066, 2011-V3, 2011, 1700, 1200, 1150, 1152, 1151, 1155, 1156, AM5, AM4, TR4",AIO
ASUS ROG Ryujin II 240 ARGB  - black,"1152, 2066, 2011-V3, 2011, 1366, 1200, 1150, 1151, 1155, 1156, AM4, SP3, sWRX8, TR4",AIO
ASUS ROG Ryujin II 360  - black,"1152, 2066, 2011-V3, 2011, 1700, 1200, 1150, 1151, 1155, 1156, AM4, SP3, sWRX8, TR4",AIO
ASUS ROG RYUJIN II 360  - black,"2066, 2011-V3, 2011, 1700, 1200, 1150, 1152, 1151, 1155, 1156, AM5, AM4, SP3, sWRX8, TR4",AIO
ASUS ROG Ryujin II 360 ARGB  - black,"1152, 2066, 2011-V3, 2011, 1366, 1200, 1150, 1151, 1155, 1156, AM4, TR4",AIO
ASUS ROG RYUJIN II 360 ARGB  - black,"1154, 2066, 2011-V3, 2011, 1700, 1200, 1150, 1152, 1151, 1155, 1156, AM5, AM4, SP3, sWRX8, TR4",AIO
ASUS ROG RYUO 120,"1150, 1151, 1155, 1156, 1366, 2011, 2011-V3, 2066, AM4, TR4",AIO
ASUS ROG RYUO 240,"1150, 1151, 1155, 1156, 1366, 2011, 2011-V3, 2066, AM4, TR4, sTRX4",AIO
"ASUS ROG Ryuo III 240 ARGB  - 240 mm, black","1154, 1700, 1200, 1150, 1152, 1151, 1155, 1156, AM5, AM4",AIO
"ASUS ROG Ryuo III 240 ARGB  - 240 mm, white","1154, 1700, 1200, 1150, 1152, 1151, 1155, 1156, AM5, AM4",AIO
"ASUS ROG Ryuo III 360 ARGB  - 360 mm, black","1154, 1700, 1200, 1150, 1152, 1151, 1155, 1156, AM5, AM4",AIO
"ASUS ROG Ryuo III 360 ARGB  - 360 mm, white","1154, 1700, 1200, 1150, 1152, 1151, 1155, 1156, AM5, AM4",AIO
ASUS ROG Strix LC 120,"1150, 1151, 1155, 1156, 1366, 2011, 2011-V3, 2066, AM4, TR4, sTRX4",AIO
ASUS ROG Strix LC 120 RGB,"1150, 1151, 1155, 1156, 1366, 2011, 2011-V3, 2066, AM4, TR4, sTRX4",AIO
ASUS ROG Strix LC 240,"1150, 1151, 1155, 1156, 1366, 2011, 2011-V3, 2066, AM4, TR4, sTRX4",AIO
ASUS ROG Strix LC 240 RGB,"1150, 1151, 1155, 1156, 1366, 2011, 2011-V3, 2066, AM4, TR4, sTRX4",AIO
ASUS ROG Strix LC 360,"1150, 1151, 1155, 1156, 1366, 2011, 2011-V3, 2066, AM4, TR4, sTRX4",AIO
ASUS ROG Strix LC 360 RGB,"1150, 1151, 1155, 1156, 1366, 2011, 2011-V3, 2066, AM4, TR4, sTRX4",AIO
ASUS ROG Strix LC II 120 ARGB,"2066, 2011-V3, 2011, 1700, 1200, 1150, 1151, 1155, 1156, AM4, TR4",AIO
ASUS ROG Strix LC II 240,"2066, 2011-V3, 2011, 1700, 1200, 1150, 1151, 1155, 1156, AM4, TR4",AIO
ASUS ROG Strix LC II 240 ARGB,"2066, 2011-V3, 2011, 1700, 1200, 1150, 1151, 1155, 1156, AM4, TR4",AIO
ASUS ROG Strix LC II 240 ARGB White Edition,"2066, 2011-V3, 2011, 1700, 1200, 1150, 1151, 1155, 1156, AM4, TR4",AIO
ASUS ROG Strix LC II 280 ARGB,"2066, 2011-V3, 2011, 1700, 1200, 1150, 1151, 1155, 1156, AM4, TR4",AIO
ASUS ROG Strix LC II 360,"2066, 2011-V3, 2011, 1700, 1200, 1150, 1151, 1155, 1156, AM4, TR4",AIO
ASUS ROG Strix LC II 360,"1154, 2066, 2011-V3, 2011, 1700, 1200, 1150, 1152, 1151, 1155, 1156, AM5, AM4, TR4",AIO
ASUS ROG Strix LC II 360 ARGB,"2066, 2011-V3, 2011, 1700, 1200, 1150, 1151, 1155, 1156, AM4, TR4",AIO
"ASUS ROG STRIX LC II 360 ARGB  , white","1154, 2066, 2011-V3, 2011, 1700, 1200, 1150, 1152, 1151, 1155, 1156, AM5, AM4, TR4",AIO
ASUS ROG Strix LC II 360 ARGB White Edition,"2066, 2011-V3, 2011, 1700, 1200, 1150, 1151, 1155, 1156",AIO
ASUS ROG STRIX LC III 240 ARGB  - black,"1700, 1200, 1156, 1155, 1154, 1152, 1151, 1150, AM5, AM4",AIO
ASUS ROG STRIX LC III 240 ARGB  - white,"1700, 1200, 1156, 1155, 1154, 1152, 1151, 1150, AM5, AM4",AIO
ASUS ROG STRIX LC III 360  - black,"1700, 1200, 1156, 1155, 1154, 1152, 1151, 1150, AM5, AM4",AIO
ASUS ROG STRIX LC III 360 ARGB  - black,"1700, 1200, 1156, 1155, 1154, 1152, 1151, 1150, AM5, AM4",AIO
ASUS ROG STRIX LC III 360 ARGB  - white,"1700, 1200, 1156, 1155, 1154, 1152, 1151, 1150, AM5, AM4",AIO
ASUS TUF Gaming LC 120 ARGB,"1700, 1200, 1150, 1151, 1155, 1156, AM4",AIO
ASUS TUF Gaming LC 240 ARGB,"1700, 1200, 1150, 1151, 1155, 1156, 1366, 2011-V3, 2011, 2066, AM4",AIO
ASUS TUF Gaming LC 240 ARGB,"1154, 2066, 2011-V3, 2011, 1700, 1366, 1200, 1150, 1152, 1151, 1155, 1156, AM5, AM4",AIO
ASUS TUF Gaming LC 240 RGB,"1200, 1150, 1151, 1155, 1156, 1366, 2011-V3, 2011, 2066, AM4",AIO
be quiet! Dark Rock 3,"1150, 1151, 1155, 1156, 1366, 2011, 2011-V3, 2066, 754, 775, 939, 940, AM2, AM3, AM3+, FM1, FM2, FM2+",Air
be quiet! Dark Rock Advanced,"1150, 1151, 1155, 1156, 1366, 754, 775, 939, 940, AM2, AM3, AM3+, FM1, FM2, FM2+",Air
be quiet! Dark Rock Pro 3,"1150, 1151, 1155, 1156, 1366, 2011, 2011-V3, 2066, 754, 775, 939, 940, AM2, AM3, AM3+, FM1, FM2, FM2+",Air
be quiet! Dark Rock Pro TR4  - black,"TR4, sTRX4",Air
be quiet! Dark Rock Slim  - 120mm,"1150, 1151, 1155, 1156, 1366, 2011, 2011-V3, 2066, AM2, AM3, AM3+, AM4, FM1, FM2, FM2+, AM5, 1700",Air
be quiet! Dark Rock TF  - 135/135mm,"1150, 1151, 1155, 1156, 1366, 2011, 2011-V3, 2066, 754, 775, 939, 940, AM2, AM3, AM3+, FM1, FM2, FM2+",Air
be quiet! Dark Rock TF 2 - 135/135mm,"1200, 1150, 1151, 1155, 1156, 2011-V3, 2066, AM4, AM3+, AM5, 1700",Air
be quiet! Pure Loop 2 FX,"2066, 2011-V3, 2011, 1700, 1200, 1150, 1151, 1155, AM5, AM4",AIO
be quiet! Pure Loop 2 FX,"2066, 2011-V3, 2011, 1700, 1200, 1150, 1151, 1155, AM5, AM4",AIO
be quiet! Pure Loop 2 FX,"2066, 2011-V3, 2011, 1700, 1200, 1150, 1151, 1155, AM5, AM4",AIO
be quiet! Pure Rock 2  - 120mm,"1200, 1150, 1151, 1155, 1156, 2011-V3, 2011, 2066, AM4, AM3+, AM3, AM5, 1700",Air
be quiet! Pure Rock 2 Black  - 120mm,"1200, 1150, 1151, 1155, 1156, 2011-V3, 2011, 2066, AM4, AM3+, AM3, AM5, 1700",Air
be quiet! Pure Rock 2 FX - 120mm,"2066, 2011-V3, 2011, 1700, 1200, 1150, 1151, 1155, ILM, AM5, AM4",Air
be quiet! Pure Rock LP Processor Kühler - 92mm,"1700, 1200, 1150, 1152, 1151, 1155, 1156, AM5, AM4",Air
be quiet! Pure Rock Slim  - 92mm,"1150, 1151, 1155, 1156, AM2, AM3, AM3+, AM4, FM1, FM2, FM2+",Air
be quiet! Pure Rock Slim 2 - 92mm,"1200, 1150, 1151, 1155, AM4, AM3+, AM5, 1700",Air
be quiet! Shadow Rock 2  - 120mm,"1150, 1151, 1155, 1156, 1366, 2011, 2011-V3, 2066, 754, 775, 939, 940, AM2, AM3, AM3+, FM1, FM2, FM2+",Air
be quiet! Shadow Rock 3  - 120mm,"1150, 1151, 1155, 2011-V3, 2011, 2066, AM4, AM3+, AM3, AM5, 1700",Air
be quiet! Shadow Rock 3 White  - 120mm,"1200, 1150, 1151, 1155, 1156, 2011-V3, 2011, 2066, AM4, AM3+, AM3, AM5, 1700",Air
be quiet! Shadow Rock LP Low Profile  - 120mm,"1150, 1151, 1155, 1156, 1366, 2011, 2011-V3, 2066, 754, 775, 939, 940, AM2, AM3, AM3+, AM4, FM1, FM2, FM2+, AM5, 1700",Air
be quiet! Shadow Rock Slim,"1150, 1151, 1155, 1156, 1366, 2011, 2011-V3, 2066, 754, 775, 939, 940, AM2, AM3, AM3+, FM1, FM2, FM2+",Air
be quiet! Shadow Rock Slim 2 - 135 cm,"1200, 1150, 1151, 1155, 2011-V3, 2066, AM4, AM3+, AM3, AM5, 1700",Air
be quiet! Shadow Rock TF2  - 135mm,"1150, 1151, 1155, 1156, 1366, 2011, 2011-V3, 2066, 775, AM2, AM3, AM3+, AM4, FM1, FM2, FM2+",Air
be quiet! Silent Loop,"1150, 1151, 1155, 1156, 1366, 2011, 2011-V3, 2066, 775, AM2, AM3, AM3+, FM1, FM2, FM2+",AIO
be quiet! Silent Loop,"1150, 1151, 1155, 1156, 1366, 2011, 2011-V3, 775, AM2, AM3, AM3+, AM4, FM1, FM2, FM2+",AIO
be quiet! Silent Loop,"1150, 1151, 1155, 1156, 1366, 2011, 2011-V3, 2066, 775, AM2, AM3, AM3+, AM4, FM1, FM2, FM2+, TR4",AIO
be quiet! Silent Loop,"1150, 1151, 1155, 1156, 1366, 2011, 2011-V3, 775, AM2, AM3, AM3+, AM4, FM1, FM2, FM2+",AIO
"be quiet! Silent Loop 2 , ARGB , black","1200, 1150, 1151, 1155, 1156, 1366, 2011, 2066, AM4, AM3, sTRX4, TR4, AM5, 1700",AIO
"be quiet! Silent Loop 2 , ARGB , black","1200, 1150, 1151, 1155, 1156, 1366, 2011, 2066, AM4, AM3, sTRX4, TR4, AM5, 1700",AIO
"be quiet! Silent Loop 2 , ARGB , black","1200, 1150, 1151, 1155, 1156, 1366, 2011, 2066, AM4, AM3, sTRX4, TR4, AM5, 1700",AIO
Bitspower Phantom,"1700, 1366, 1150, 1151, 1155, 1156, 775, AM4, AM3+, AM3, AM2+, AM2, FM2+, FM1",Air
Bitspower Summit LGA 3647 - Acetal,3647,Air
Cooler Master Hyper 103  - 92mm,"1150, 1151, 1155, 1156, 1366, 2011, 2011-V3, 2066, 775, AM2, AM3, AM3+, FM1, FM2, FM2+",Air
Cooler Master Hyper 212 Black Edition mit socket LGA 1700 - 120mm,"2066, 2011-V3, 2011, 1700, 1366, 1200, 1150, 1151, 1155, 1156, AM4, AM3+, AM3, AM2+, AM2, FM2+, FM2, FM1",Air
Cooler Master Hyper 212 Evo  - 120mm,"1150, 1151, 1155, 1156, 1366, AM2, AM3, AM3+, FM1, FM2, FM2+",Air
Cooler Master Hyper 212 EVO V2 - 120mm,"1200, 1150, 1151, 1155, 1156, 1366, 2011-V3, 2011, 2066, 775, AM4, AM3+, AM2+, FM2+, FM1",Air
Cooler Master Hyper 212X  - 120mm PWM,"1150, 1151, 1155, 1156, 1366, 2011, 2011-V3, 2066, 775, AM2, AM3, AM3+, FM1, FM2, FM2+",Air
Cooler Master Hyper 212X -  with Dual 120mm PWM Fan,"2011-V3 , 2011 , 1366 , 1156 , 1155 , 1151 , 1150 , 775, FM2+ , FM2 , FM1 , AM3+ , AM3 , AM2+ , AM2",Air
"Cooler Master Hyper H411R , weiße LED - 92mm","1150, 1151, 1155, 1156, 1366, 2011, 2011-V3, 2066, 775, AM2, AM3, AM3+, AM4, FM1, FM2, FM2+",Air
Cooler Master Hyper H412R  - 92mm,"1150, 1151, 1155, 1156, 1366, 2011, 2011-V3, 2066, 775",Air
Cooler Master Hyper T2 - Compact  with Dual Looped Direct Contact Heatpipes,"1150 , 1156 , 1155 , 775, FM2+ , FM2 , FM1 , AM4 , AM3+ , AM3 , AM2",Air
Cooler Master Hyper TX3 Evo  - 92mm,"1150, 1151, 1155, 1156, 1366, 754, 775, AM2, AM3, AM3+, AM4, FM1, FM2, FM2+",Air
Cooler Master Hyper TX3i  - 92mm PWM,"1150, 1151, 1155, 1156, 775",Air
"Cooler Master MasterAir G100M, RGB  - 100mm","1150, 1151, 1155, 1156, 1366, 2011, 2011-V3, 2066, 775, AM2, AM3, AM3+, AM4, FM1, FM2, FM2+",Air
Cooler Master MasterAir MA410M RGB  - 2x120mm PWM,"1150, 1151, 1155, 1156, 1366, 2011, 2011-V3, 2066, AM2, AM3, AM3+, AM4, FM1, FM2, FM2+",Air
"Cooler Master MasterAir MA410P , RGB - 120mm","1150, 1151, 1155, 1156, 1366, 2011, 2011-V3, 2066, AM2, AM3, AM3+, AM4, FM1, FM2, FM2+",Air
"Cooler Master MasterAir MA610P , RGB - 120mm","1150, 1151, 1155, 1156, 1366, 2011, 2011-V3, 2066, 775, AM2, AM3, AM3+, AM4, FM1, FM2, FM2+",Air
Cooler Master Masterliquid 240  - 240 mm,"1150, 1151, 1155, 1156, 1366, 2011, 2011-V3, 2066, 775, AM2, AM3, AM3+, AM4, FM1, FM2, FM2+",AIO
Cooler Master MasterLiquid ML240 ILLUSION White Edition - white,"1200, 1150, 1151, 1155, 1156, 2011-V3, 2011, 2066, AM4, AM3+, AM3, AM2+, AM2, FM2+, FM2, FM1",AIO
Cooler Master MasterLiquid ML360 ILLUSION - black,"1200, 1150, 1151, 1155, 1156, 2011-V3, 2011, 2066, AM4, AM3+, AM3, AM2+, AM2, FM2+, FM2, FM1",AIO
COOLER MASTER MAZ-T8PN-418PR-R1 140mm DynaLoop,"2011-V3 , 2011 , 1366 , 1151 , 1150 , 1156 , 1155 , 775, FM2+ , FM2 , FM1 , AM3+ , AM3 , AM2+",Air
Cooler Master ML240R RGB,"1150, 1151, 1155, 1156, 1366, 2011, 2011-V3, 2066, 775, AM2, AM3, AM3+, AM4, FM1, FM2, FM2+",AIO
Cooler Master PL240 Flux  - black,"1700, 1200, 1150, 1151, 1155, 1156, 2011-V3, 2011, 2066, AM4, AM3+, AM3, AM2+, AM2, FM2+, FM2, FM1, TR4",AIO
Cooler Master PL360 Flux  - black,"1700, 1200, 1150, 1151, 1155, 1156, 2011-V3, 2011, 2066, AM4, AM3+, AM3, AM2+, AM2, FM2+, FM2, FM1, TR4",AIO
COOLER MASTER RR-212E-20PK-R2 120mm Long Life Sleeve Bearing,"2011 , 1366 , 1151 , 1150 , 1155 , 1156 , 775, FM2+ , FM2 , FM1 , AM3+ , AM3 , AM2+ , AM2 , AM1",Air
COOLER MASTER RR-212X-20PM-R1 120mm 4th Generation Bearing,"2011-V3 , 2011 , 1366 , 1156 , 1155 , 1151 , 1150 , 775, FM2+ , FM2 , FM1 , AM3+ , AM3 , AM2+ , AM2",Air
COOLER MASTER RR-910-HTX3-G1 92mm Long life sleeve bearing,"775 , 1156 , 1155 , 1150, 754 , 939 , 940 , AM2 , AM3",Air
COOLER MASTER RR-B10-212P-G1 120mm Sleeve,"1366 , 1155 , 1156 , 1150 , 775, FM1 , FM2 , AM2 , AM2+ , AM3 , AM3+",Air
COOLER MASTER RR-G5V2-20PK-R1 120mm Loop Dynamic Bearing (LDB),"775 , 1155 , 1156 , 1366 , 2011",Air
COOLER MASTER RR-H6V2-13PK-R1 120mm Rifle,"2011,1366,1156,1155,1150,775, FM2+,FM2,FM1,AM3+,AM3,AM2+,AM2",Air
COOLER MASTER RR-HD92-28PK-R1 92mm Rifle,"1156 ,  1366 ,  775",Air
COOLER MASTER RR-T4-18PK-R1 120mm Rifle,"2011 , 1366 , 1156 , 1155 , 1151 , 1150 , 775, FM2+ , FM2 , FM1 , AM4 , AM3+ , AM3 , AM2",Air
COOLER MASTER RR-VTPS-28PK-R1 92mm Long life sleeve,"754, 939, 940, AM2,  775, 1366",Air
Cooler Master V8  - Vapor Chamber,"1150, 1151, 1155, 1156, 1366, 2011, 2011-V3, 2066, 775, AM2, AM3, AM3+, FM1, FM2, FM2+",Air
Cooler Master V8  - Vapor Chamber,"1150, 1151, 1155, 1156, 1366, 2011, 2011-V3, 775, AM2, AM3, AM3+, FM1, FM2, FM2+",Air
Cooler Master Wraith Ripper  - 120 mm,TR4,Air
Corsair Air A500  - 120mm,"1150, 1151, 1155, 1156, 2011, 2011-V3, 2066, AM2, AM3, AM3+, AM4",Air
Corsair Cooling Hydro Series H100i Platinum,"1150, 1151, 1155, 1156, 2011, 2011-V3, 2066, AM2, AM3, AM3+, AM4, TR4, sTRX4",AIO
Corsair Cooling Hydro Series H100i Platinum SE,"1150, 1151, 1155, 1156, 2011, 2011-V3, 2066, AM2, AM3, AM3+, TR4, sTRX4",AIO
Corsair Cooling Hydro Series H115i Platinum,"1150, 1151, 1155, 1156, 2011, 2011-V3, 2066, AM2, AM3, AM3+, AM4, TR4, sTRX4",AIO
Corsair Cooling Hydro Series H45,"1150, 1151, 1155, 1156, 1366, 2011, 2011-V3, AM2, AM3, AM3+, FM1, FM2, FM2+",AIO
Corsair Cooling Hydro Series H55,"1150, 1155, 1156, 1366, 2011, 2011-V3, 2066, AM2, AM3, AM3+, AM4, FM1",AIO
Corsair Cooling Hydro Series H60 High Performance,"1150, 1151, 1155, 1156, 1366, 2011, 2011-V3, 2066, AM2, AM3, AM3+, AM4, FM1, FM2, FM2+",AIO
Corsair Cooling Hydro Series H60i RGB PRO XT,"1200, 1150, 1151, 1155, 1156, 1366, 2011-V3, 2011, 2066, AM4, AM3, FM2, FM1",AIO
Corsair Cooling Hydro Series H75 Performance,"1150, 1151, 1155, 1156, 2011, 2011-V3, 2066, AM2, AM3, AM3+, AM4, FM1, FM2, FM2+",AIO
Corsair Cooling Hydro Series H80i V2,"1150, 1151, 1155, 1156, 1366, 2011, 2011-V3, AM2, AM3, AM4, FM1, FM2, FM2+",AIO
CORSAIR iCUE H100i ELITE  - black,"1700, 1200, 1150, 1151, 1155, 1156, 1366, 2011, 2066, AM4, AM3, AM2, sTRX4, sTR4",AIO
"Corsair iCUE H100i ELITE CAPELLIX  , black","1200, 1150, 1151, 1155, 1156, 1366, 2011, 2066, AM2, AM3, AM4, TR4, sTRX4",AIO
"Corsair iCUE H100i ELITE CAPELLIX White  , white","1200, sTR4, 1150, 1151, 1155, 1156, 1366, 2011, 2066, AM2, AM3, AM4, sTRX4",AIO
"Corsair iCUE H100i ELITE CAPELLIX XT  , black","1154, 2066, 2011-V3, 2011, 1700, 1200, 1150, 1151, 1155, 1156, AM5, AM4, sTRX4",AIO
"Corsair iCUE H100i ELITE CAPELLIX XT  , white","1154, 2066, 2011-V3, 2011, 1700, 1200, 1150, 1151, 1155, 1156, AM5, AM4, sTRX4",AIO
"Corsair iCUE H100i ELITE LCD XT  , black","1154, 2066, 2011-V3, 2011, 1700, 1200, 1150, 1151, 1155, 1156, AM5, AM4, sTRX4",AIO
"Corsair iCUE H100i RGB Elite  , black","2066, 2011, 1700, 1366, 1200, 1150, 1151, 1155, 1156, AM5, AM4, sTRX4, sTR4",AIO
"Corsair iCUE H100x RGB ELITE  , black","1154, 2066, 2011-V3, 2011, 1700, 1200, 1150, 1151, 1155, 1156, AM5, AM4",AIO
"Corsair iCUE H115i ELITE CAPELLIX  , black","1200, 1150, 1151, 1155, 1156, 1366, 2011, 2066, AM2, AM3, AM4, TR4, sTRX4",AIO
"Corsair iCUE H115i ELITE CAPELLIX XT  , black","1154, 1400, 2066, 2011-V3, 2011, 1700, 1150, 1151, 1155, 1156, AM5, AM4, sTRX4",AIO
"Corsair iCUE H115i RGB Elite  , black","2066, 2011, 1700, 1366, 1200, 1150, 1151, 1155, 1156, AM5, AM4, sTRX4, sTR4",AIO
"Corsair iCUE H150i ELITE  mit LCD-Monitor, black","1700, 1200, 1150, 1151, 1155, 1156, 1366, 2011, 2066, AM4, AM3, AM2, sTRX4, TR4",AIO
"Corsair iCUE H150i ELITE CAPELLIX  , black","1200, 1150, 1151, 1155, 1156, 1366, 2011, 2066, AM2, AM3, AM4, TR4, sTRX4",AIO
"Corsair iCUE H150i ELITE CAPELLIX White  , white","1200, sTR4, 1150, 1151, 1155, 1156, 1366, 2011, 2066, AM2, AM3, AM4, sTRX4",AIO
"Corsair iCUE H150i ELITE CAPELLIX XT  , black","1154, 2066, 2011-V3, 2011, 1700, 1200, 1150, 1151, 1155, 1156, AM5, AM4, sTRX4",AIO
"Corsair iCUE H150i ELITE CAPELLIX XT  , white","1154, 2066, 2011-V3, 2011, 1700, 1200, 1150, 1151, 1155, 1156, AM5, AM4, sTRX4",AIO
"Corsair iCUE H150i ELITE LCD XT  , black","1154, 2066, 2011-V3, 2011, 1700, 1200, 1150, 1151, 1155, 1156, AM5, AM4, sTRX4",AIO
"Corsair iCUE H150i ELITE LCD XT  , white","1154, 2066, 2011-V3, 2011, 1700, 1200, 1150, 1151, 1155, 1156, AM5, AM4, sTRX4",AIO
"Corsair iCUE H150i RGB Elite  , black","2066, 2011, 1700, 1366, 1200, 1150, 1151, 1155, 1156, AM5, AM4, sTRX4, sTR4",AIO
"Corsair iCUE H170i ELITE  mit LCD-Monitor, black","1700, 1200, 1150, 1151, 1155, 1156, 1366, 2011, 2066, AM4, AM3, AM2, sTRX4, TR4",AIO
"Corsair iCUE H170i Elite Capellix , black","1700, 1200, 1150, 1151, 1155, 1156, 1366, 2011, 2066, AM4, AM3, AM2, sTRX4, sTR4",AIO
"Corsair iCUE H170i ELITE CAPELLIX XT  , black","1154, 2066, 2011-V3, 2011, 1700, 1200, 1150, 1151, 1155, 1156, AM5, AM4, sTRX4",AIO
"Corsair iCUE H170i ELITE LCD XT  , black","1154, 2066, 2011-V3, 2011, 1700, 1200, 1150, 1151, 1155, 1156, AM5, AM4, sTRX4",AIO
Cryorig A40  - 240 mm,"1150, 1151, 1155, 1156, 1366, 2011, 2011-V3, 2066, AM2, AM3, AM3+, AM4, FM1, FM2, FM2+",AIO
Cryorig A40 Ultimate  - 240 mm,"1150, 1151, 1155, 1156, 1366, 2011, 2011-V3, 2066, AM2, AM3, AM3+, AM4, FM1, FM2, FM2+",AIO
Cryorig C1 Low-Profile- - 140mm,"1150, 1151, 1155, 1156, 1366, 2011, 2011-V3, 2066, 775, AM2, AM3, AM3+, AM4, FM1, FM2, FM2+",Air
"Cryorig C7 G Mini-Top-Flow- - 92mm, Kupfer mit Graphen-Beschichtung","1150, 1151, 1155, 1156, AM2, AM3, AM3+, AM4, FM1, FM2, FM2+",Air
Cryorig C7 Mini-Top-Flow- - 92mm,"1150, 1151, 1155, 1156, AM2, AM3, AM3+, AM4, FM1, FM2, FM2+",Air
Cryorig C7 RGB Mini-Top-Flow- - 92mm,"1150, 1151, 1155, 1156, AM2, AM3, AM3+, AM4, FM1, FM2, FM2+",Air
Cryorig H5 Ultimate Processor-Tower-Kühler - 140mm,"1150, 1151, 1155, 1156, 1366, 2011, 2011-V3, 2066, 775, AM2, AM3, AM3+, AM4, FM1, FM2, FM2+",Air
Cryorig H5 Universal Processor-Tower-Kühler - 140mm,"1150, 1151, 1155, 1156, 1366, 2011, 2011-V3, 2066, 775, AM2, AM3, AM3+, FM1, FM2, FM2+",Air
Cryorig H7 Processor-Tower-Kühler - 120mm,"1150, 1151, 1155, 1156, AM2, AM3, AM3+, AM4, FM1, FM2, FM2+",Air
Cryorig H7 Plus Processor-Tower-Kühler - 2x120mm,"1150, 1151, 1155, 1156, AM2, AM3, AM3+, AM4, FM1, FM2, FM2+",Air
"Cryorig H7 Quad Lumi Processor-Tower-Kühler - 120mm, RGB","1150, 1151, 1155, 1156, 2011-V3, AM2, AM3, AM3+, AM4, FM1, FM2, FM2+",Air
Cryorig H7 Ultra Processor-Tower-Kühler - 120mm,"1150, 1151, 1155, 1156, 2011, 2011-V3, 2066, AM2, AM3, AM3+, AM4, FM1, FM2, FM2+",Air
Cryorig M9 Plus Processor-Tower-Kühler - 2x92mm,"1150, 1151, 1155, 1156, AM2, AM3, AM3+, AM4, FM1, FM2, FM2+",Air
"Cryorig M9a Processor-Tower-Kühler - AMD, 92mm","AM2, AM3, AM3+, AM4, FM1, FM2, FM2+",Air
"Cryorig M9i Processor-Tower-Kühler - Intel, 92mm","1150, 1151, 1155, 1156",Air
Cryorig R1 Ultimate Processor-Tower-Kühler -2x140 mm,"1150, 1151, 1155, 1156, 1366, 2011, 2011-V3, 2066, 775, AM2, AM3, AM3+, AM4, FM1, FM2, FM2+",Air
Cryorig R1 Universal Processor-Tower-Kühler - 2x140mm,"1150, 1151, 1155, 1156, 1366, 2011, 2011-V3, 2066, 775, AM2, AM3, AM3+, AM4, FM1, FM2, FM2+",Air
Cryorig R5 Processor Kühler 140mm - black/white,"1200, 1150, 1151, 1155, 1156, 2011-V3, 2011, AM4, AM3+, AM3, AM2, FM2, FM1",Air
DeepCool AG400 ARGB - 120mm,"1700, 1200, 1155, 1151, 1150, AM5, AM4",Air
DeepCool AG400 Digital A-RGB - 120 mm,"1700, 1200, 1155, 1151, 1150, AM5, AM4",Air
DeepCool AG400 Digital Plus A-RGB - 120 mm,"1700, 1200, 1155, 1151, 1150, AM5, AM4",Air
DeepCool AG620 ARGB - 120 mm,"2066, 2011-V3, 2011, 1700, 1200, 1155, 1151, 1150, AM5, AM4",Air
DeepCool AK400 Digital - 120 mm,"1700, 1200, 1155, 1151, 1150, AM5, AM4",Air
DeepCool AK500 Digital - 120 mm,"2066, 2011-V3, 2011, 1700, 1200, 1155, 1151, 1150, AM5, AM4",Air
DeepCool AK500S Digital - 120 mm,"2066, 2011-V3, 2011, 1700, 1200, 1155, 1151, 1150, AM5, AM4",Air
DeepCool AK500S Digital - 120 mm,"2066, 2011-V3, 2011, 1700, 1200, 1155, 1151, 1150, AM5, AM4",Air
DeepCool AK620 Digital - 120 mm,"2066, 2011-V3, 2011, 1700, 1200, 1155, 1151, 1150, AM5, AM4",Air
DeepCool ASSASSIN 4S - 140 mm,"2066, 2011-V3, 2011, 1700, 1200, 1155, 1151, 1150, AM5, AM4",Air
DeepCool ASSASSIN 4S - 140 mm,"2066, 2011-V3, 2011, 1700, 1200, 1155, 1151, 1150, AM5, AM4",Air
DeepCool ASSASSIN IV - 140 mm,"2066, 2011-V3, 2011, 1700, 1200, 1155, 1151, 1150, AM5, AM4",Air
Deepcool FROSTWIN V2.0 120mm(2pcs) Hydro,"2011,1366,1156,1155,1151,1150,775, FM2+,FM2,FM1,AM3+,AM3,AM2+,AM2",Air
Deepcool GABRIEL 120mm Hydro,"1156,1155,1151,1150, FM2+,FM2,FM1,AM3+,AM3,AM2+,AM2,940,939,754",Air
DEEPCOOL Gamer Storm Lucifer K2  6 Heatpipes 120mm Slim and Silent PWM Fan,"2011-V3, 2011, 1366, 1155,1156,1150,1151, 775, FM1,FM2,FM2+,AM3+,AM3,AM2+,AM2",Air
DEEPCOOL GamerStorm ASSASSIN II  8 Heatpipes Dual PWM Fans&FDB Bearing 300RPM Min. Nickel-plated fins,"2011-V3 , 2011 , 1366 , 1156 , 1155 , 1151 , 1150 , 775, FM2+ , FM2 , FM1 , AM3+ , AM3 , AM2+ , AM2",Air
DEEPCOOL GAMMAXX 200T  2 Heat pipes 120mm PWM Fan,"1150 , 1151 , 1155 , 1156, 775, FM2, FM1, AM4, AM3+ , AM3, AM2+, AM2, K8",Air
Deepcool GAMMAXX 300 120mm Hydro,"1366 , 1156 , 1155 , 1151 , 1150 , 775, FM2+ , FM2 , FM1 , AM4 , AM3+ , AM3 , AM2+ , AM2",Air
DEEPCOOL GAMMAXX 400  4 Heatpipes 120mm PWM Fan with Blue LED,"2011-V3 , 2011 , 1366 , 1156 , 1155 , 1151 , 1150 , 775, AM4 , FM2+ , FM2 , FM1 , AM3+ , AM3 , AM2+ , AM2",Air
Deepcool GAMMAXX S40 120mm Hydro,"2011, 1366, 1156 , 1155 , 1151 , 1150 , 775, FM2, FM1 , AM4 , AM3+ , AM3 , AM2+ , AM2 , 940 , 939",Air
"DeepCool LS520S Zero Dark , 240 mm - black","1700, 1200, 1156, 1155, 1154, 1152, 1151, 1150, AM5, AM4",AIO
"DeepCool LS720S Zero Dark , 360mm - black","1700, 1200, 1156, 1155, 1154, 1152, 1151, 1150, AM5, AM4",AIO
Deepcool LUCIFER V2 140mm Hydro,"2011-V3 , 2011 , 1366 , 1156 , 1155 , 1151 , 1150 , 775, FM2+ , FM2 , FM1 , AM3+ , AM3 , AM2+ , AM2",Air
DeepCool Mystique LCD 240,"1700, 1200, 1156, 1155, 1154, 1152, 1151, 1150, 771, AM5, AM4",AIO
DeepCool Mystique LCD 360,"1700, 1200, 1156, 1155, 1154, 1152, 1151, 1150, 771, AM5, AM4",AIO
Deepcool NEPTWIN V2.0 120mm(2pcs) Hydro,"2011-V3,2011,1366,1156,1155,1150,775, FM2+,FM2,FM1,AM3+,AM3,AM2+,AM2",Air
Dynatron K17 92mm 2 Ball,"1151 ,  1150 , 1155 , 1156",Air
Dynatron K199 80mm 2 Ball,"1151 ,  1150 , 1155 , 1156",Air
Dynatron K2 75mm 2 Ball,"1151 ,  1150 , 1155 , 1156",Air
Dynatron K5 92mm 2 Ball,"1151 ,  1150 , 1155 , 1156",Air
Dynatron K666 60mm 2 Ball,"1151 ,  1150 , 1155 , 1156",Air
Dynatron K785 77mm 2 Ball,"1151 ,  1150 , 1155 , 1156",Air
Dynatron K985 92mm Ball,"1151 ,  1150 , 1155 , 1156",Air
Dynatron R14 60mm 2 Ball Intel Sandy Bridge Romley-EP/EX Narrow ILM Processors up to TDP 150 Watts,2011,Air
Dynatron R15,2011,Air
Dynatron R16 80mm 2 Ball,2011,Air
Dynatron R17 92mm 2 Ball Intel Sandy Bridge Romley-EP/EX Processors up to TDP 160 Watts Overclocking,2011,Air
Dynatron R25 80mm 2 Ball,2011,Air
Dynatron R27 80mm 2 Ball,2011,Air
Dynatron R5 60mm 2 Ball Bearing  for Intel Sandy Bridge EP/EX Processors,2011,Air
Dynatron R8,2011,Air
Dynatron R9 77mm 2 Ball,2011,Air
Dynatron T450 80mm 2 Ball,"1151 ,  1150 , 1155 , 1156",Air
EK Water Blocks EK-Nucleus AIO CR360 Direct Die D-RGB - 1700,1700,AIO
Enermax Aquafusion,"1150, 1151, 1155, 1156, 1366, 2011, 2011-V3, 2066, AM2, AM3, AM3+, AM4, FM1, FM2, FM2+",AIO
Enermax Aquafusion,"1150, 1151, 1155, 1156, 1366, 2011, 2011-V3, 2066, AM2, AM3, AM3+, AM4, FM1, FM2, FM2+",AIO
ENERMAX ETD-T60-TB 120mm Twister,"AM2,AM2+,AM3,AM3+, 775,1155,1156,1366,1150",Air
ENERMAX ETS-N30R-HE 92mm,"775 , 1150 , 1151 , 1155 , 1156 , 1366 , 2011 , 2011-V3, AM2 , AM2+ , AM3 , AM3+ , FM1 , FM2 , FM2+",Air
ENERMAX ETS-N30R-TAA 92mm,"775 , 1150 , 1151 , 1155 , 1156 , 1366 , 2011 , 2011-V3, AM2 , AM2+ , AM3 , AM3+ , FM1 , FM2 , FM2+",Air
Enermax ETS-T40F,"775,1150,1151,1155,1156,1366,2011,2011-V3, AM2,AM2+,AM3,AM3+,FM1,FM2,FM2+",Air
ENERMAX ETS-T40F-BK 120mm Twister Aluminum 120mm Black  with blue LED PWM Fan,"775 , 1150 , 1151 , 1155 , 1156 , 1366 , 2011 , 2011-V3, AM2 , AM2+ , AM3 , AM3+ , FM1 , FM2 , FM2+",Air
ENERMAX ETS-T40F-RF 140mm Twister Aluminum 120mm Black  with 140mm PWM Fan,"775,1150,1151,1155,1156,1366,2011,2011-V3, AM2,AM2+,AM3,AM3+,FM1,FM2,FM2+",Air
ENERMAX ETS-T40F-TB 120mm Twister Aluminum 120mm  with PWM Fan Low 8 dBA nosie w/ fan adaptor,"775,1150,1151,1155,1156,1366,2011,2011-V3, AM2,AM2+,AM3,AM3+,FM1,FM2,FM2+",Air
ENERMAX ETS-T40F-W 120mm Twister Aluminum 120mm White  with Dual White LED PWM Fans,"775 , 1150 , 1151 , 1155 , 1156 , 1366 , 2011 , 2011-V3, AM2 , AM2+ , AM3 , AM3+ , FM1 , FM2 , FM2+",Air
ENERMAX ETS-T50A-BVT Twister Aluminum 120mm  with DFR (Dust Free Rotation) Vegas Fan with 3 color LED,"775 , 1150, 1151, 1155, 1156, 1366 , 2011 , 2011-V3, AM2 , AM2+ , AM3 , AM3+ , FM1 , FM2 , FM2+",Air
ENERMAX ETS-T50A-WVS Twister Aluminum 120mm White  with DFR (Dust Free Rotation) White LED Fan,"775 , 1150, 1151, 1155, 1156, 1366 , 2011 , 2011-V3, AM2 , AM2+ , AM3 , AM3+ , FM1 , FM2 , FM2+",Air
Enermax LiqFusion 240 RGB  - 240 mm,"1150, 1151, 1155, 1156, 1366, 2011, 2011-V3, 2066, 775, AM2, AM3, AM3+, AM4, FM1, FM2, FM2+",AIO
Enermax Liqmax III ARGB 360,"1150, 1151, 1155, 1156, 1366, 2011, 2011-V3, 2066, AM2, AM3, AM3+, AM4, FM1, FM2, FM2+",AIO
Enermax LiqTech II RGB 240,"1150, 1151, 1155, 1156, 1366, 2011, 2011-V3, AM2, AM3, AM3+, AM4, FM1, FM2, FM2+",AIO
Enermax LiqTech II RGB 280,"1150, 1151, 1155, 1156, 1366, 2011, 2011-V3, 2066, AM2, AM3, AM3+, AM4, FM1, FM2, FM2+",AIO
Enermax LiqTech II RGB 360,"1150, 1151, 1155, 1156, 1366, 2011, 2011-V3, 2066, AM2, AM3, AM3+, AM4, FM1, FM2, FM2+",AIO
Enermax LiqTech II RGB 360 White,"1150, 1151, 1155, 1156, 1366, 2011, 2011-V3, 2066, AM2, AM3, AM3+, AM4, FM1, FM2, FM2+",AIO
Enermax LiqTech TR4 II RGB 360,"TR4, sTRX4",AIO
EVERCOOL HPH-9525CU 95mm Ever Lubricate,775,Air
EVERCOOL HPL-815EP Ever Lubricate,"K8 , AM2 , AM2+ , AM3 ,  775 ,  1150 ,   1156 ,  1366",Air
EVERCOOL HPM-12025 120mm Ever Lubricate Transformer 3,775,Air
EVERCOOL HPO-12025 120mm x 2 (SSF-12 & Silent Fan) Ever Lubricate,"AM2, AM2+, AM3, FM1, 775, 1156, 1155, 1366, 2011, 1150",Air
EVERCOOL K8-FM1 Retention Holder compatible for AMD k8 socket/AM2/AM3/FM1,"K8,AM2,AM3,FM1",Air
EVERCOOL K8-RM AMD K8 Retention Holder,K8,Air
EVERCOOL TTC-NK35TZ/RPW/V5(KU) 95mm Z-AXIS Titan Universal,"K8,AM2,AM2+,AM3,AM3+,FM1,FM2,775,1150,1155,1156,1366,2011",Air
"EVGA ACX , black - 120 mm","1150, 1151, 1155, 1156, 1366, 2011, 775, AM2, AM2+, AM3, AM3+, FM1, FM2",Air
EVGA CLC 120 RGB,"1150, 1151, 1155, 1156, 1366, 2011, 2011-V3, 2066, AM2, AM3, AM3+, AM4, FM1, FM2, FM2+, TR4, sTRX4",AIO
EVGA CLC 240 RGB,"1150, 1151, 1155, 1156, 1366, 2011, 2011-V3, 2066, AM2, AM3, AM3+, AM4, FM1, FM2, FM2+, TR4, sTRX4",AIO
EVGA CLC 280 RGB,"1150, 1151, 1155, 1156, 1366, 2011, 2011-V3, 2066, AM2, AM3, AM3+, AM4, FM1, FM2, FM2+, TR4, sTRX4",AIO
Fractal Design Celsius S24  - 240 mm,"1150, 1151, 1155, 1156, 1366, 2011, 2011-V3, 2066, AM2, AM3, AM3+, AM4",AIO
Fractal Design Celsius S36  - 360 mm,"1150, 1151, 1155, 1156, 1366, 2011, 2011-V3, 2066, AM2, AM3, AM3+, AM4, FM1, FM2, FM2+",AIO
GELID Solutions CC-Shero-01-A 120mm Hydro,"775, 1155, 1156, 1366, 1150,  AM2, AM2+, AM3, FM1, FM2",Air
Gelid Solutions Liquid 240mm AIO -,AM5,AIO
Gigabyte Aorus ATC700  - 2x 120mm,"1150, 1151, 1155, 1156, 1366, 2011, 2066, 775, AM2, AM3, AM3+, AM4, FM1, FM2, FM2+",Air
"Gigabyte Aorus ATC800 , RGB - 2x 120mm","1150, 1151, 1155, 1156, 1366, 2011, 2011-V3, 2066, AM2, AM3, AM3+, AM4, FM1, FM2, FM2+",Air
"Gigabyte Aorus Waterforce 240 , D-RGB - black - 240 mm","1700, 1200, 1150, 1151, 1155, 1156, 1366, 2011-V3, 2066, AM4, sTRX4, TR4",AIO
"Gigabyte Aorus Waterforce 280 , D-RGB - black - 280 mm","1700, 1200, 1150, 1151, 1155, 1156, 1366, 2011-V3, 2066, AM4, sTRX4, TR4",AIO
"Gigabyte Aorus Waterforce 360 , D-RGB - black - 360 mm","1700, 1200, 1150, 1151, 1155, 1156, 1366, 2011-V3, 2066",AIO
"Hyper 212 LED with PWM Fan, Four Direct Contact Heatpipes, Unique Fan Blade Design, Red LEDs, Optimized Bracket Design by Cooler Master","2011-V3 , 2011 , 1151 , 1150 , 1155 , 1156 , 775, AM3+ , AM3 , AM2+ , FM2+ , FM2 , FM1",Air
Hyte THICC Q60 AIO  - white,"2066, 2011, 1700, 1200, 1156, 1155, 1154, 1152, 1151, 1150, AM5, AM4, TR4",AIO
IceGiant ProSiphon Elite - 240mm,"1200, 1150, 1151, 1155, 1156, 1366, 2011-V3, 2011, 2066, AM4, sTRX4, TR4, AM5, 1700",Air
Intel Thermal Solution HTS1155LP - socket 1155,"1150, 1151, 1155",Air
Intel Thermal Solution TS13X,"1150, 1155, 1156, 1366, 2011",AIO
"InWin MR24 ARGB  , black","2066, 2011-V3, 2011, 1700, 1200, 1156, 1155, 1151, 1150, AM5, AM4, AM3+, AM3, AM2+, AM2, FM2+, FM2, FM1",AIO
"InWin MR36 ARGB  , black","2066, 2011-V3, 2011, 1700, 1200, 1156, 1155, 1151, 1150, AM5, AM4, AM3+, AM3, AM2+, AM2, FM2+, FM2, FM1",AIO
"InWin NR24 ARGB  , black","2066, 2011-V3, 2011, 1700, 1366, 1200, 1156, 1155, 1151, 1150, AM5, AM4, AM3+, AM3, AM2+, AM2, FM2+, FM2, FM1, TR4",AIO
"InWin NR36 ARGB  , black","2066, 2011-V3, 2011, 1700, 1366, 1200, 1156, 1155, 1151, 1150, AM5, AM4, AM3+, AM3, AM2+, AM2, FM2+, FM2, FM1, TR4",AIO
Jonsbo CR-1000,"1150, 1151, 1155, 1156, 775, AM4, AM3+, AM3, AM2, FM2+, FM2, FM1, AM5",Air
Jonsbo CR-1000,"1154, 1700, 1200, 1150, 1152, 1151, 1155, 1156, AM5, AM4",Air
Jonsbo CR-1000,"1154, 1700, 1200, 1150, 1152, 1151, 1155, 1156, AM5, AM4",Air
Jonsbo CR-1000 GT,"1150, 1151, 1155, 1156, 775, AM4, AM3+, AM3, AM2, FM2+, FM2, FM1, AM5",Air
Jonsbo CR-1000 V2 - white,"1700, 1200, 1156, 1155, 1154, 1152, 1151, 1150, AM5, AM4",Air
Jonsbo CR-1000 V2 ARGB - black,"1700, 1200, 1156, 1155, 1154, 1152, 1151, 1150, AM5, AM4",Air
Jonsbo CR-1000 V2 PRO ARGB - black,"1700, 1200, 1156, 1155, 1154, 1152, 1151, 1150, AM5, AM4",Air
Jonsbo CR-1000 V2 RGB - black,"1700, 1200, 1156, 1155, 1154, 1152, 1151, 1150, AM5, AM4",Air
Jonsbo CR-1000 V2 RGB - white,"1700, 1200, 1156, 1155, 1154, 1152, 1151, 1150, AM5, AM4",Air
Jonsbo CR-1100,"1150, 1151, 1155, 1156, 775, AM4, AM3+, AM3, AM2, FM2+, FM2, FM1",Air
Jonsbo CR-1200,"1150, 1151, 1155, 1156, 775, AM4, AM3+, AM3, AM2, FM2+, FM2, FM1, AM5",Air
Jonsbo CR-1200E,"1200, 1150, 1151, 1155, 1156, 775, AM4, AM3+, AM3, AM2+, AM2, FM2+, FM2, FM1, AM5",Air
Jonsbo CR-1300,"1200, 1150, 1151, 1155, 1156, 775, AM4, AM3+, AM3, AM2+, AM2, FM2+, FM2, FM1, AM5",Air
Jonsbo CR-1400,"1150, 1151, 1155, 1156, 775, AM4, AM3+, AM3, AM2, FM2+, FM2, FM1, AM5",Air
Jonsbo CR-2000 GT  Dual Tower,"1150, 1151, 1155, 1156, 775, AM4, AM3+, AM3, AM2, FM2+, FM2, FM1, AM5",Air
Jonsbo CR-201,"1150, 1151, 1155, 1156, 775, AM4, AM3+, AM3, AM2, FM2+, FM2, FM1",Air
Jonsbo CR-2100  Dual Tower,"1200, 1150, 1151, 1155, 1156, 1366, 2011-V3, 775, AM4, AM3+, AM3, AM2+, AM2, FM2+, FM2, FM1, AM5",Air
Jonsbo CR-701,"1150, 1151, 1155, 1156, 775, AM4, AM3+, AM3, AM2, FM2+, FM2, FM1",Air
Jonsbo HP-400  - 90mm,"1150, 1151, 1155, 1156, 775, AM2, AM3, AM3+, AM4, FM1, FM2, FM2+",Air
Jonsbo HP-400  - 90mm,"1150, 1151, 1155, 1156, 775, AM4, AM3+, AM3, AM2, FM2+, FM2, FM1",Air
Jonsbo HP-400S - 90mm,"1700, 1200, 1150, 1151, 1155, 1156, AM4",Air
Jonsbo HX4170D,"1700, 1200, 1150, 1151, 1155, 1156, AM4",Air
Jonsbo HX4170D,"1700, 1200, 1150, 1151, 1155, 1156, AM4",Air
Jonsbo HX6200D - 120mm,"1700, 1200, 1150, 1151, 1155, 1156, AM4, AM3+, AM3, AM2+, AM2, FM2+, FM2, FM1",Air
Jonsbo HX6210 - 92mm,"1700, 1200, 1150, 1151, 1155, 1156, 2011, 2066, AM4",Air
Jonsbo HX6250 - 140mm,"1700, 1200, 1150, 1151, 1155, 1156, 2011, 2066, AM4, AM5, 1700",Air
Jonsbo HX7280 - 2x 140mm,"1700, 1200, 1150, 1151, 1155, 1156, 2011, 2066, AM5, AM4",Air
Jonsbo MX400,"1200, 1150, 1151, 1155, 1156, AM4, AM3+, AM3, AM2, FM2+, FM2, FM1",Air
Jonsbo PISA A5 ARGB 5V(3Pin) + PWM - grey,"1700, 1200, 1156, 1155, 1154, 1152, 1151, 1150, AM5, AM4",Air
Jonsbo PISA A5 ARGB 5V(3Pin) + PWM - white,"1700, 1200, 1156, 1155, 1154, 1152, 1151, 1150, AM5, AM4",Air
Kolink Umbra EX180 ARGB - 120mm,"2066, 2011-V3, 2011, 1700, 1200, 1150, 1152, 1151, 1155, 1156, AM5, AM4",Air
Kolink Umbra EX180 ARGB White Processor Cooler - 120 mm,"2066, 2011-V3, 2011, 1700, 1200, 1156, 1155, 1154, 1152, 1151, 1150, AM5, AM4",Air
Kolink Umbra EX180 Black Edition - 120mm,"2066, 2011-V3, 2011, 1700, 1200, 1150, 1152, 1151, 1155, 1156, AM5, AM4",Air
Kolink Umbra EX180 White Edition Processor Cooler - 120 mm,"2066, 2011-V3, 2011, 1700, 1200, 1156, 1155, 1154, 1152, 1151, 1150, AM5, AM4",Air
"Lian Li GALAHAD 240 SL v2, , ARGB - black","1700, 1200, 1150, 1151, 1155, 1156, 1366, 2011, 2066, 775, AM4",AIO
"Lian Li GALAHAD 240 SL v2, , ARGB - white","1700, 1200, 1150, 1151, 1155, 1156, 1366, 2011, 2066, 775, AM4",AIO
"Lian Li GALAHAD 240 SL, , ARGB - black","1700, 1200, 1150, 1151, 1155, 1156, 1366, 2011, 2066, 775, AM4",AIO
"Lian Li GALAHAD 240 SL, , ARGB - white","1700, 1200, 1150, 1151, 1155, 1156, 1366, 2011, 2066, 775, AM4",AIO
"Lian Li GALAHAD 240 V2 , DRGB - black","1700, 1200, 1150, 1151, 1155, 1156, 1366, 2011, 2066, 775, AM4",AIO
"Lian Li GALAHAD 240 v2 , DRGB - white","1700, 1200, 1150, 1151, 1155, 1156, 1366, 2011, 2066, 775, AM4",AIO
"Lian Li GALAHAD 360 SL V2, , ARGB - black","1700, 1200, 1150, 1151, 1155, 1156, 1366, 2011, 2066, 775, AM4",AIO
"Lian Li GALAHAD 360 SL v2, , ARGB - white","1700, 1200, 1150, 1151, 1155, 1156, 1366, 2011, 2066, 775, AM4",AIO
"Lian Li GALAHAD 360 SL, , ARGB - black","1700, 1200, 1150, 1151, 1155, 1156, 1366, 2011, 2066, 775, AM4",AIO
"Lian Li GALAHAD 360 SL, , ARGB - white","1700, 1200, 1150, 1151, 1155, 1156, 1366, 2011, 2066, 775, AM4",AIO
"Lian Li GALAHAD 360 V2 , ARGB - black","1700, 1200, 1150, 1151, 1155, 1156, 1366, 2011, 2066, 775, AM4",AIO
"Lian Li GALAHAD 360 V2 , ARGB - white","1700, 1200, 1150, 1151, 1155, 1156, 1366, 2011, 2066, 775, AM4",AIO
MASSCOOL 8W2002B1M4 90mm Ball Bearing  for INTEL Socket LGA 1155/1156 Cooper base,"1150 , 1155 , 1156",Air
MASSCOOL 8WT15-38 90mm Long life Bearing,775,Air
MasterAir Pro 3 Processor Air Cooler with Continuous Direct Contact Technology 2.0 by Cooler Master,"2011-V3 , 2011 , 1151 , 1150 , 1155 , 1156 , 1366 , 775, AM3+ , AM2+ , AM2 , FM2+ , FM2 , FM1",Air
MasterAir Pro 4 Processor Air Cooler with Continuous Direct Contact Technology 2.0 by Cooler Master,"2011-V3 , 2011 , 1151 , 1150 , 1155 , 1156 , 1366 , 775, AM3+ , AM2+ , AM2 , FM2+ , FM2 , FM1",Air
Montech Metal DT24 Base,"1700, 1200, 1150, 1152, 1151, 1155, 1156, AM5, AM4",Air
Montech Metal DT24 Premium,"1700, 1200, 1150, 1152, 1151, 1155, 1156, AM5, AM4",Air
MSI Core Frozr L  - 120mm,"1150, 1151, 1155, 1156, 1366, 2011, 2011-V3, 2066, 775, AM2, AM3, AM3+, AM4, FM1, FM2",Air
MSI Core Frozr XL  - 2x 120mm,"1150, 1151, 1155, 1156, 1366, 2011, 2011-V3, 2066, 775, AM2, AM3, AM3+, AM4, FM1, FM2",Air
"MSI MAG CoreLiquid 240R V2 , ARGB","2066, 2011-V3, 2011, 1366, 1200, 1150, 1151, 1155, 1156, AM4, AM3+, AM2+, AM2, FM2+, FM2, FM1",AIO
"MSI MAG CoreLiquid 240R V2 White , ARGB","2066, 2011-V3, 2011, 1366, 1200, 1150, 1151, 1155, 1156, AM4, AM3+, AM2+, AM2, FM2+, FM2, FM1",AIO
"MSI MAG CoreLiquid 360R V2 , ARGB","2066, 2011-V3, 2011, 1700, 1366, 1200, 1150,1151,1155,1156, 1150, 1151, 1155, 1156, AM4, AM3+, AM2+, AM2, FM2+, FM2, FM1",AIO
MSI MAG Coreliquid 360R V2 White Kompett-Wasserkühlung,"2066, 2011-V3, 2011, 1700, 1366, 1200, 1156, 1155, 1154, 1152, 1151, 1150, AM5, AM4, AM3+, AM2+, AM2, FM2+, FM2, FM1",AIO
"MSI MAG CoreLiquid C240 , ARGB","2066, 2011-V3, 2011, 1700, 1366, 1200, 1150, 1151, 1155, 1156, AM5, AM4, AM3+, AM2+, AM2, FM2+, FM2, FM1",AIO
"MSI MAG CoreLiquid C280 , ARGB","2066, 2011-V3, 2011, 1700, 1366, 1200, 1150, 1151, 1155, 1156, AM5, AM4, AM3+, AM2+, AM2, FM2+, FM2, FM1",AIO
"MSI MAG CoreLiquid C360 , ARGB","2066, 2011-V3, 2011, 1366, 1200, 1150, 1151, 1155, 1156, AM4, AM3+, AM2+, AM2, FM2+, FM2, FM1",AIO
MSI MAG Coreliquid E240 Kompett-Wasserkühlung - 240 mm,"1700, 1200, 1156, 1155, 1151, 1150, AM5, AM4",AIO
MSI MAG Coreliquid E240 White Kompett-Wasserkühlung - 240 mm,"1700, 1200, 1156, 1155, 1151, 1150, AM5, AM4",AIO
MSI MAG Coreliquid E360 White Kompett-Wasserkühlung - 360 mm,"1700, 1200, 1156, 1155, 1151, 1150, AM5, AM4",AIO
MSI MAG Coreliquid M240 Kompett-Wasserkühlung - 240 mm,"2066, 2011-V3, 2011, 1700, 1200, 1156, 1155, 1151, 1150, AM5, AM4",AIO
MSI MAG Coreliquid M360 Kompett-Wasserkühlung - 360 mm,"2066, 2011-V3, 2011, 1700, 1200, 1156, 1155, 1151, 1150, AM5, AM4",AIO
MSI MAG CoreLiquid P240,"2066, 2011-V3, 2011, 1700, 1366, 1200, 1150, 1151, 1155, 1156, AM5, AM4, AM3+, AM2+, AM2, FM2+, FM2, FM1",AIO
MSI MAG CoreLiquid P360,"2066, 2011-V3, 2011, 1700, 1366, 1200, 1150,1151,1155,1156, 1150, 1151, 1155, 1156, AM5, AM4, AM3+, AM2+, AM2, FM2+, FM2, FM1",AIO
MSI MEG CoreLiquid S280,"2066, 2011-V3, 2011, 1700, 1366, 1200, 1150,1151,1155,1156, 1150, 1151, 1155, 1156, AM4, AM3+, AM3, AM2+, AM2, FM2+, FM2, FM1",AIO
MSI MEG CoreLiquid S360,"2066, 2011-V3, 2011, 1700, 1366, 1200, 1150, 1151, 1155, 1156, AM4, AM3+, AM2+, AM2, FM2+, FM2, FM1",AIO
"MSI MPG CoreLiquid K240 V2 , ARGB","2066, 2011-V3, 2011, 1366, 1200, 1150, 1151, 1155, 1156, AM4, AM3+, AM2+, AM2, FM2+, FM2, FM1",AIO
NH-C14S," AM4, 2011-V3, 1151, FM2, FM2+, AM3, AM3+, 1700, AM5",Air
NH-D15," AM4, 2011-V3, 1151, FM2, FM2+, AM3, AM3+, 1700, AM5",Air
NH-L9x65 SE-AM4," AM4, AM5",Air
NH-U12S," AM4, 2011-V3, 1151, FM2, FM2+, AM3, AM3+, 1700, AM5",Air
NH-U12S TR4-SP3,For socket,Air
NH-U9 TR4-SP3,For socket,Air
Noctua D9S DX-4189 4U - 92mm,4189,Air
Noctua NH-D12L - 120mm,"AM5, 1700, 1200, 1150, 1151, 1155, 1156, 2011, 2066, AM4, AM3+, AM2+, FM2+, FM1",Air
Noctua NH-D12L chromax.black - 120mm,"1851, 1700, 1200, 1156, 1155, 1151, 1150, AM5, AM4",Air
Noctua NH-D14  - 140/120mm,"1150, 1151, 1155, 1156, 1366, 775, AM2, AM3, AM3+, FM1, FM2, FM2+",Air
Noctua NH-D15 chromax.black  - 140/140mm,"1150, 1151, 1155, 1156, 2011, 2011-V3, 2066, AM1, AM2, AM3, AM3+, AM4, FM1, FM2, FM2+, AM5",Air
Noctua NH-D15 SE-AM4  - 140/140mm,"AM4, 1700, AM5",Air
"Noctua NH-D15S 140mm SSO2 D-Type Premium , NF-A15 PWM Fans","2011, 1155,1156,, 1700",Air
Noctua NH-D15S chromax.black - 140mm,"1200, 1150, 1151, 1155, 1156, 1366, 2011-V3, 2011, 2066, AM4, AM3+, AM3, AM2, FM2+, FM2, FM1, AM5",Air
Noctua NH-D9 DX-3647 4U  - 92mm,3647,Air
Noctua NH-D9DX i4 3U  - 92mm,"1366, 2011, 2011-V3, 2066, 1700",Air
"Noctua NH-D9L 92mm SSO2 Low-profile Premium , NF-A9 PWM Fans","2011-0,  2011-V3,  1156,1155, 1150, AM2,AM2+,AM3, AM3+, FM1, FM2, 1700",Air
Noctua NH-L12  - 120mm,"1150, 1151, 1155, 1156, 1366, 2011, 2011-V3, 775, AM2, AM2+, AM3, AM3+, FM1, FM2, FM2+",Air
Noctua NH-L12S Low Profile  - 120mm,"1150, 1151, 1155, 1156, 1366, 2011, 2011-V3, 2066, AM2, AM3, AM3+, AM4, FM1, FM2, FM2+, 1700, AM5",Air
Noctua NH-L9a  - 92mm,"AM2, AM3, AM3+, FM1, FM2, FM2+",Air
Noctua NH-L9a 92mm SSO2,"AM2 , AM2+ , AM3 , AM3+ , FM1 , FM2",Air
Noctua NH-L9a-AM4 chromax.black Low Profile  - 92mm,"AM4, AM5",Air
Noctua NH-L9a-AM4 Low Profile  - 92mm,AM4,Air
Noctua NH-L9a-AM5 chromax.black Low Profile - 92mm,AM5,Air
Noctua NH-L9a-AM5 Low Profile - 92mm,AM5,Air
Noctua NH-L9i  - 92mm,"1150, 1151, 1155, 1156",Air
Noctua NH-L9i 95mm SSO2,"1150, 1155, 1156",Air
Noctua NH-L9i chromax.black  - 92mm,"1150, 1151, 1155, 1156",Air
Noctua NH-L9i-17xx - 92mm,"1700, 1700",Air
Noctua NH-L9i-17xx chromax.black - 92mm,"1700, 1700",Air
Noctua NH-L9x65  - 92mm,"1150, 1151, 1155, 1156, 2011, 2011-V3, 2066, AM2, AM3, AM3+, FM1, FM2, FM2+",Air
"Noctua NH-L9x65 92 x 92 x 14mm, 92 x 92 x 25mm SSO2 Low-profile Quiet , NF-A9x14 PWM fan","1150,  1155,  1156,  AM2, AM2+, AM3, AM3+, FM1, FM2, FM2+, 1700",Air
Noctua NH-L9x65 SE-AM4  - 92mm,"AM4, AM5",Air
Noctua NH-P1 passiver,"1200, 1150, 1151, 1155, 1156, 2011-V3, 2011, 2066, AM4, AM3+, AM3, AM2+, AM2, FM2+, FM2, FM1, 1700, AM5",Air
Noctua NH-U12A  - 120mm,"1150, 1151, 1155, 1156, 2011, 2011-V3, 2066, AM2, AM3, AM3+, AM4, FM1, FM2, FM2+, 1700, AM5",Air
Noctua NH-U12DXi4  - 120mm,"1366, 2011, 2011-V3, 2066",Air
Noctua NH-U12S chromax.black  - 120mm,"1150, 1151, 1155, 1156, 2011, 2011-V3, 2066, AM2, AM3, AM3+, AM4, FM1, FM2, FM2+, AM5",Air
Noctua NH-U12S DX-3647  - 120mm,3647,Air
Noctua NH-U12S redux - 120mm,"1200, 1150, 1151, 1155, 1156, 2011-V3, 2011, 2066, AM4, AM3+, AM3, AM2+, AM2, FM2+, FM2, FM1, 1700, AM5",Air
Noctua NH-U12S SE-AM4  - 120mm,"AM4, AM5",Air
Noctua NH-U12S TR4-SP3  - 120mm,"TR4, sTRX4",Air
Noctua NH-U14S 140mm SSO2-Bearing (Self-stabilising oil-presure bearing),"1150, 1151, 1155, 1156, 2011, 2011-V3, 2066, AM2, AM3, AM3+, FM1, FM2, FM2+, 1700",Air
Noctua NH-U14S DX-3647  - 140mm,3647,Air
Noctua NH-U14S TR4-SP3  - 140mm,"TR4, sTRX4",Air
Noctua NH-U9 TR4-SP3  - 92mm,"TR4, sTRX4",Air
Noctua NH-U9B SE2  - 2x92mm,"1150, 1151, 1155, 1156, 1366, 775, AM2, AM3, AM3+, FM1, FM2, FM2+",Air
Noctua NH-U9DXi4  - 92mm,"1366, 2011, 2011-V3, 2066",Air
Noctua NH-U9S chromax.black - 92mm,"1200, 1150, 1151, 1155, 1156, 2011-V3, 2011, 2066, AM4, AM3+, AM3, AM2, FM2+, FM2, FM1, AM5",Air
Noctua U12A chromax.black - 120mm,"1150, 1151, 1155, 1156, 2011, 2066, AM4, AM3+, AM2+, FM2+, FM1, 1700, AM5",Air
Noctua U12S DX-4189 - 2x 120mm,4189,Air
Noctua U14S DX-4189 - 140mm,4189,Air
Noctua U9 DX-4189 - 92mm,4189,Air
NZXT KRAKEN M22,"1150, 1151, 1155, 1156, 1366, 2011, 2011-V3, 2066, AM2, AM3, AM3+, AM4, FM1, FM2, FM2+",AIO
NZXT KRAKEN X42 V2,"1150, 1151, 1155, 1156, 1366, 2011, 2011-V3, AM2, AM3, AM3+, AM4, FM1, FM2, FM2+",AIO
NZXT KRAKEN X52 V2,"1150, 1151, 1155, 1156, 1366, 2011, 2011-V3, 2066, AM2, AM3, AM3+, AM4, FM1, FM2, FM2+",AIO
NZXT KRAKEN X53,"1150, 1151, 1155, 1156, 1366, 2011, 2011-V3, 2066, AM2, AM3, AM3+, AM4, FM1, FM2, FM2+",AIO
NZXT KRAKEN X62 V2,"1150, 1151, 1155, 1156, 1366, 2011, 2011-V3, 2066, AM2, AM3, AM3+, AM4, FM1, FM2, FM2+",AIO
NZXT KRAKEN X72,"1150, 1151, 1155, 1156, 1366, 2011, 2011-V3, 2066, AM2, AM3, AM3+, AM4, FM1, FM2, FM2+, TR4, sTRX4",AIO
"NZXT Kraken Z53 RGB  , black","2066, 2011-V3, 1366, 1200, 1150, 1151, 1155, 1156, AM4, sTRX4, TR4",AIO
"NZXT Kraken Z53 RGB  , white","2066, 2011-V3, 1366, 1200, 1150, 1151, 1155, 1156, AM4, sTRX4, TR4",AIO
NZXT KRAKEN Z73,"1150, 1151, 1155, 1156, 1366, 2011, 2011-V3, 2066, AM2, AM3, AM3+, AM4, FM1, FM2, FM2+",AIO
"NZXT Kraken Z73 RGB  , black","2066, 2011-V3, 1366, 1200, 1150, 1151, 1155, 1156, AM4, sTRX4, TR4",AIO
"NZXT Kraken Z73 RGB  , white","2066, 2011-V3, 1366, 1200, 1150, 1151, 1155, 1156, AM4, sTRX4, TR4",AIO
"PH-TC12LS, Slim Low-Profile, 120mm PWM Processor cooler","2011,1150,1151,1155,1156,1366,775,FM1,FM2,AM3,AM2",Air
"PH-TC14S, Slim Twin Towers, 140mm PWM Processor cooler","2011,1150,1151,1155,1156,1366,775,FM1,FM2,AM3,AM2",Air
"PHANTEKS Glacier One 240 MP , D-RGB - black","1200, 1150, 1151, 1155, 1156, 1366, 2011, 2011-V3, 2066, AM4, TR4, sTRX4",AIO
"PHANTEKS Glacier One 240 MPH , D-RGB - black","1700, 1200, 1150, 1151, 1155, 1156, 2011-V3, 2011, 2066, AM4, sTRX4, TR4",AIO
"PHANTEKS Glacier One 240 MPH , D-RGB - white","1200, 1150, 1151, 1155, 1156, 1366, 2011, 2011-V3, 2066, AM4, TR4, sTRX4",AIO
"PHANTEKS Glacier One 240 T30 , D-RGB - black","1200, 1150, 1151, 1155, 1156, 1366, 2011-V3, 2066, AM4, sTRX4, TR4",AIO
"PHANTEKS Glacier One 280 MP , D-RGB - black","1200, 1150, 1151, 1155, 1156, 1366, 2011, 2011-V3, 2066, AM4, TR4, sTRX4",AIO
"PHANTEKS Glacier One 280 MPH , D-RGB - black","1700, 1200, 1150, 1151, 1155, 1156, 2011-V3, 2011, 2066, AM4, sTRX4, TR4",AIO
"PHANTEKS Glacier One 360 MP , D-RGB - black","1200, 1150, 1151, 1155, 1156, 1366, 2011, 2011-V3, 2066, AM4, TR4, sTRX4",AIO
"PHANTEKS Glacier One 360 MPH , D-RGB - black","1700, 1200, 1150, 1151, 1155, 1156, 2011-V3, 2011, 2066, AM4, sTRX4, TR4",AIO
"PHANTEKS Glacier One 360 MPH , D-RGB - white","1200, 1150, 1151, 1155, 1156, 1366, 2011-V3, 2011, 2066, AM4, sTRX4, TR4",AIO
"PHANTEKS Glacier One 360 T30 Gen2 , D-RGB - black","1154, 1700, 1200, 1150, 1152, 1151, 1155, 1156, AM5, AM4",AIO
Phanteks PH-TC12DX 120mm PWM,"1150,2011,1150,1155,1156,1366,775, FM2,FM1,AM3+,AM3,AM2+,AM2",Air
Phanteks PH-TC12DX_BK 2 x 120mm PWM,"1150 , 2011 , 1150 , 1155 , 1156 , 1366 , 775, FM2 , FM1 , AM3+ , AM3 , AM2+ , AM2",Air
PHANTEKS PH-TC12LS  mit RGB Halos - 120mm,"1150, 1151, 1155, 1156, 1366, 2011, 2011-V3, 2066, 775, AM2, AM3, AM3+, AM4, FM1, FM2, FM2+",Air
"PHANTEKS PH-TC12LS HTPC  - 120mm, black","1150, 1151, 1155, 1156, 1366, 2011, 2011-V3, 2066, 775, AM2, AM3, AM3+, AM4, FM1, FM2, FM2+",Air
"PHANTEKS PH-TC14CS  - 140mm, blue","1150, 1151, 1155, 1156, 1366, 775, AM2, AM2+, AM3, AM3+, FM1, FM2, FM2+",Air
"PHANTEKS PH-TC14PE  - 140mm, orange","1150, 1151, 1155, 1156, 1366, 2011, 2011-V3, 775, AM2, AM2+, AM3, AM3+, FM1, FM2, FM2+",Air
"PHANTEKS PH-TC14PE  - 140mm, black","1150, 1151, 1155, 1156, 1366, 2011, 2011-V3, 2066, 775, AM2, AM3, AM3+, FM1, FM2, FM2+",Air
"PHANTEKS PH-TC14PE  - 140mm, silver","1150, 1151, 1155, 1156, 1366, 2011, 2011-V3, 2066, 775, AM2, AM3, AM3+, FM1, FM2, FM2+",Air
Phanteks PH-TC14PE 140mm UFB (Updraft Floating Balance),"1150 ,  2011 ,  1155 ,  1156 ,  1366 , 775, FM1,AM3+,AM3,AM2+,AM2",Air
Phanteks PH-TC14PE_BK 140mm UFB (Updraft Floating Balance),"2011 ,  1150,1155 ,  1156 ,  1366 , 775, FM1,AM3+,AM3,AM2+,AM2",Air
"PHANTEKS PH-TC14S Slim  - 140mm, black","1150, 1151, 1155, 1156, 1366, 2011, 2011-V3, 2066, 775, AM2, AM3, AM3+, FM1, FM2, FM2+",Air
Phononic Hex 2.0 thermoelektrischer  - 92 mm,"1150, 1151, 1155, 1156, 2011, 2011-V3, 2066, AM2, AM3, AM3+, FM1, FM2, FM2+",Air
Prolimatech Basic 48  - 92mm,"1150, 1151, 1155, 1156, AM2, AM2+, AM3, AM3+, FM1, FM2, FM2+",Air
Prolimatech Black Series Genesis,"1150, 1151, 1155, 1156, 1366, 2011, 2011-V3, 2066, 775, AM2, AM3, AM3+, FM1, FM2, FM2+",Air
Prolimatech Blue Series Megahalems,"1150, 1151, 1155, 1156, 1366, 2011, 775",Air
Prolimatech Genesis,"1150, 1151, 1155, 1156, 1366, 2011, 2011-V3, 2066, 775, AM2, AM3, AM3+, FM1, FM2, FM2+",Air
"Prolimatech Genesis ""Dual Viper Edition""","1150, 1151, 1155, 1156, 1366, 2011, 775, AM2, AM3, AM3+, FM1, FM2",Air
Prolimatech Megahalems  Rev.C,"1150, 1151, 1155, 1156, 1366, 2011, 2011-V3, 775, AM2, AM3, AM3+, FM1, FM2, FM2+",Air
Prolimatech Samuel 17 Processor Kühler,"1150, 1151, 1155, 1156, 1366, 775, AM2, AM3, AM3+, FM1, FM2, FM2+",Air
"Raijintek Aidos Black, Heatpipe , PWM - 92mm","1150, 1151, 1155, 1156, 1366, 2011, 2011-V3, 2066, 775, AM2, AM3, AM3+, FM1, FM2, FM2+",Air
"Raijintek Aidos Heatpipe , PWM - 92mm","1150, 1151, 1155, 1156, 1366, 2011, 2011-V3, 2066, 775, AM2, AM3, AM3+, FM1, FM2, FM2+",Air
Raijintek Processor Kühler AIDOS II,"1200, 1150, 1151, 1155, 1156, 1366, 2011-V3, 2011, 2066, AM4, AM3+, AM3",Air
Raijintek Processor Kühler ELEOS 12 DUO RBW,"2066, 2011-V3, 2011, 1700, 1366, 1200, 1150, 1151, 1155, 1156, AM4, AM3+, AM3",Air
Raijintek Processor Kühler ELEOS 12 EVO RBW,"1700, 1200, 1150, 1151, 1155, 1156, 1366, 2011-V3, 2011, 2066, AM4, AM3+, AM3",Air
Raijintek Processor Kühler THEMIS II,"1700, 1200, 1150, 1151, 1155, 1156, 1366, 2011-V3, 2011, 2066, AM4, AM3+, AM3",Air
Raijintek Delos RBW Rainbow RGB LED  - 3x 92mm,"1150, 1151, 1155, 1156, 1366, 2011, 2011-V3, 2066, 775, AM2, AM3, AM3+, AM4, FM1, FM2, FM2+",Air
Raijintek ELEOS RBW,"1200, 1150, 1151, 1155, 1156, 1366, 2011-V3, 2011, 2066, AM4, AM3+, AM3, AM2+, AM2, FM2+, FM2, FM1",Air
Raijintek EreBoss CORE,"1150, 1151, 1155, 1156, 1366, 2011, 2011-V3, 2066, 775, AM2, AM3, AM3+, FM1, FM2, FM2+",Air
"Raijintek EreBoss Heatpipe , PWM - 140mm","1150, 1151, 1155, 1156, 1366, 2011, 2011-V3, 2066, 775, AM2, AM3, AM3+, FM1, FM2, FM2+",Air
Raijintek Juno Pro ADD  - adressable RGB LED,"1150, 1151, 1155, 1156, 1366, 754, 775, 939, 940, AM2, AM3, AM3+, AM4",Air
Raijintek Juno Pro RBW  - RGB LED,"1150, 1151, 1155, 1156, 1366, 754, 775, 939, 940, AM2, AM3, AM3+, AM4",Air
Raijintek Juno-X  - blaue LED,"1150, 1151, 1155, 1156, 775, AM2, AM3, AM3+, AM4, FM1, FM2, FM2+",Air
Raijintek Juno-X  - grüne LED,"1150, 1151, 1155, 1156, 775, AM2, AM3, AM3+, AM4, FM1, FM2, FM2+",Air
Raijintek Juno-X  - RGB LED,"1150, 1151, 1155, 1156, 754, 775, 939, 940, AM2, AM3, AM3+, AM4, FM1, FM2, FM2+",Air
Raijintek Juno-X  - rote LED,"1150, 1151, 1155, 1156, 754, 775, 939, 940, AM2, AM3, AM3+, AM4, FM1, FM2, FM2+",Air
Raijintek Juno-X  - black,"1150, 1151, 1155, 1156, 754, 775, 939, 940, AM2, AM3, AM3+, AM4, FM1, FM2, FM2+",Air
"Raijintek Leto , black, RGB-LED - 120mm","1150, 1151, 1155, 1156, 1366, 2011, 2011-V3, 2066, 775, AM2, AM3, AM3+, AM4, FM1, FM2, FM2+",Air
"Raijintek Leto Heatpipe , blaue LED - 120mm","1150, 1151, 1155, 1156, 1366, 2011, 2011-V3, 2066, 775, AM2, AM3, AM3+, AM4",Air
"Raijintek Leto Heatpipe , rote LED - 120mm","1150, 1151, 1155, 1156, 1366, 2011, 2011-V3, 2066, 775, AM2, AM3, AM3+, AM4, FM1, FM2, FM2+",Air
"Raijintek Leto Heatpipe , weiße LED - 120mm","1150, 1151, 1155, 1156, 1366, 2011, 2011-V3, 2066, 775, AM2, AM3, AM3+, AM4, FM1, FM2, FM2+",Air
"Raijintek Leto Pro , black, RGB-LED - 2x120mm","1150, 1151, 1155, 1156, 1366, 2011, 2011-V3, 2066, 775, AM2, AM3, AM3+, AM4, FM1, FM2, FM2+",Air
"Raijintek Leto Pro , black, weisse LED - 2x120mm","1150, 1151, 1155, 1156, 1366, 2011, 2011-V3, 2066, 775, AM2, AM3, AM3+, AM4, FM1, FM2, FM2+",Air
Raijintek Mya RBW Rainbow LED  - 120mm,"1150, 1151, 1155, 1156, 1366, 2011, 2011-V3, 2066, 775, AM2, AM3, AM3+, AM4",Air
Raijintek Orcus RGB,"1150, 1151, 1155, 1156, 2011, 2011-V3, 2066, 775, AM2, AM3, AM3+, AM4, FM2, FM2+",AIO
Raijintek Orcus RGB,"1150, 1151, 1155, 1156, 1366, 2011, 2011-V3, 2066, 775, AM2, AM3, AM3+, AM4, FM2, FM2+",AIO
Raijintek Orcus RGB,"1150, 1151, 1155, 1156, 1366, 2011, 2011-V3, 2066, 775, AM2, AM3, AM3+, AM4, FM2, FM2+",AIO
Raijintek Orcus RGB Rainbow,"1150, 1151, 1155, 1156, 1366, 2011, 2011-V3, 2066, 775, AM2, AM3, AM3+, AM4, FM2, FM2+",AIO
Raijintek Orcus RGB Rainbow,"1150, 1151, 1155, 1156, 1366, 2011, 2011-V3, 2066, 775, AM2, AM3, AM3+, AM4, FM1, FM2, FM2+",AIO
Raijintek Orcus RGB Rainbow,"1150, 1151, 1155, 1156, 1366, 2011, 2011-V3, 2066, 775, AM2, AM3, AM3+, AM4, FM1, FM2, FM2+",AIO
Raijintek Orcus RGB Rainbow,"1150, 1151, 1155, 1156, 1366, 2011, 2011-V3, 2066, AM2, AM3, AM3+, AM4",AIO
Raijintek Orcus RGB Rainbow,"1150, 1151, 1155, 1156, 1366, 2011, 2011-V3, 2066, 775, AM2, AM3, AM3+, AM4",AIO
Raijintek Pallas 120  - 120mm,"1150, 1151, 1155, 1156, 1366, 2011, 2011-V3, 2066, 775, AM2, AM3, AM3+, AM4",Air
"Raijintek Pallas 120 RGB , PWM - 120mm","1150, 1151, 1155, 1156, 1366, 2011, 2011-V3, 2066, 775, AM2, AM3, AM3+, AM4, FM1, FM2, FM2+",Air
"Raijintek Pallas Heatpipe , PWM - 140mm","1150, 1151, 1155, 1156, 1366, 2011, 2011-V3, 2066, 775, AM2, AM3, AM3+, FM1, FM2, FM2+",Air
"Raijintek Rhea Heatpipe , PWM - 92mm","1150, 1151, 1155, 1156",Air
"Raijintek Themis Black, Heatpipe , PWM - 120mm","1150, 1151, 1155, 1156, 1366, 2011, 2011-V3, 2066, 775, AM2, AM3, AM3+, FM1, FM2, FM2+",Air
"Raijintek Themis Evo Heatpipe , PWM - 120mm","1150, 1151, 1155, 1156, 1366, 2011, 2011-V3, 2066, 775, AM2, AM3, AM3+, FM1, FM2, FM2+",Air
"Raijintek Themis Heatpipe , PWM - 120mm","1150, 1151, 1155, 1156, 1366, 2011, 2011-V3, 2066, 775, AM2, AM3, AM3+, FM1, FM2, FM2+",Air
Raijintek Tisis CORE Heatpipe,"1150, 1151, 1155, 1156, 1366, 2011, 2011-V3, 2066, 775, AM2, AM3, AM3+, FM1, FM2, FM2+",Air
"RAIJINTEK Tisis Heatpipe , PWM - 140mm","1150, 1151, 1155, 1156, 1366, 2011, 2011-V3, 2066, 775, AM2, AM3, AM3+, FM1, FM2, FM2+",Air
"Raijintek Zelos Heatpipe , PWM - 90mm","1150, 1151, 1155, 1156, AM2, AM3, AM3+, FM1, FM2, FM2+",Air
"Sapphire Nitro+ S240-A , ARGB, black - 240 mm","1700, 1200, 1150, 1151, 1155, 1156, 2011-V3, 2011, 2066, AM4",AIO
"Sapphire Nitro+ S360-A , ARGB, black - 360 mm","1700, 1200, 1150, 1151, 1155, 1156, 2011-V3, 2011, 2066, AM4",AIO
Sapphire Vapor-X  - 120 mm,"1150, 1151, 1155, 1156, 1366, 2011, 2011-V3, 775, AM2, AM2+, AM3, AM3+, FM1, FM2, FM2+",Air
Scythe Byakko  - 92mm,"1150, 1151, 1155, 1156, 1366, 775, AM2, AM3, AM3+, AM4, FM1, FM2, FM2+",Air
Scythe Choten - 120mm,"775, 115x, 1200, 1366, AM2(+), AM3(+), AM4, FM1, FM2(+)",Air
Scythe Choten TUF Gaming Alliance,"1150, 1151, 1155, 1156, 1366, 2011, 2011-V3, 2066, 775, AM2, AM3, AM3+, AM4, FM1, FM2, FM2+",Air
Scythe Grand Kama Cross 3,"478, 775, 754, 939, 940, 1150, 1151, 1155, 1156, 1366, 2011, 2011-V3, AM2, AM2+, AM3, AM3+, FM1, FM2, FM2+",Air
Scythe Iori  - 100mm,"1150, 1151, 1155, 1156, 1366, 775, AM2, AM3, AM3+, AM4, FM1, FM2, FM2+",Air
Scythe Kabuto 3 Processor Cooler,"775, 1150, 1151, 1155, 1156, 1366, AM2, AM2+, AM3, AM3+, FM1, FM2, FM2+, AM4",Air
Scythe Kodati Rev.B  - 80mm,"1150, 1151, 1155, 1156, 775, AM2, AM2+, AM3, AM3+, FM1, FM2, FM2+",Air
Scythe Kotetsu,"775, 1150, 1151, 1155, 1156, 1366, 2011, 2011-V3, AM2, AM2+, AM3, AM3+, FM1, FM2, FM2+",Air
Scythe Kotetsu Mark II,"1150, 1151, 1155, 1156, 1366, 2011, 2011-V3, 2066, 775, AM2, AM3, AM3+, AM4, FM1, FM2, FM2+",Air
Scythe Kotetsu Mark II Rev. B,"2066, 2011-V3, 2011, 1366, 1200, 1150, 1151, 1155, 1156, 775, AM4, AM3+, AM3, AM2+, AM2, FM2+, FM2, FM1",Air
Scythe Kotetsu Mark II TUF Gaming Alliance,"1150, 1151, 1155, 1156, 1366, 2011, 2011-V3, 2066, 775, AM2, AM3, AM3+, AM4, FM1, FM2, FM2+",Air
Scythe Mugen 5 ARGB Plus  - 2x 120mm,"1150, 1151, 1155, 1156, 1366, 2011-V3, 2011, 2066, 775, AM4, AM3+, AM3, AM2, FM2+, FM2, FM1",Air
Scythe Mugen 5 Black Edition Rev. C,"2066, 2011-V3, 1700, 1200, 1150, 1151, 1155, 1156, AM4, AM3, AM2, FM2, FM1",Air
Scythe Mugen 5 Black RGB - 120mm,"1150, 1151, 1155, 1156, 1366, 2011-V3, 2011, 2066, 775, AM4, AM3+, AM3, AM2, FM2+, FM2, FM1",Air
"Scythe Mugen 5 Rev. B ""PCGH Edition"" - 2x120mm","2066, 2011-V3, 1700, 1200, 1150, 1152, 1151, 1155, 1156, AM5, AM4, AM3+, AM3, AM2+, AM2, FM2+, FM2, FM1",Air
Scythe Mugen 6,"2066, 2011-V3, 1700, 1200, 1156, 1155, 1151, 1150, AM5, AM4",Air
Scythe Mugen 6 Black Edition,"2066, 2011-V3, 1700, 1200, 1156, 1155, 1151, 1150, AM5, AM4",Air
Scythe SCBSK-2100 Big Shuriken 2 Rev. B,"1150, 1151, 1155, 1156, 1366, 2011, 2011-V3, 2066, 775, AM2, AM3, AM3+, FM1, FM2, FM2+",Air
Scythe SCBSK-3000R Big Shuriken 3 RGB  - 120mm,"1150, 1151, 1155, 1156, 1366, 2011, 2011-V3, 2066, 775, AM2, AM3, AM3+, AM4, FM1, FM2, FM2+",Air
Scythe SCKTN-4000 Katana 4,"1150, 1151, 1155, 1156, 1366, 2011, 2011-V3, 2066, 754, 775, 939, 940, AM2, AM3, AM3+, AM4, FM1, FM2, FM2+",Air
Scythe SCKTN-5000 Katana 5,"1150, 1151, 1155, 1156, 1366, 754, 775, 939, 940, AM2, AM3, AM3+, AM4, FM1, FM2, FM2+",Air
Scythe SCKZT-1000 Kozuti,"1150, 1151, 1155, 1156, 1366, 775, AM2, AM3, AM3+, FM1, FM2, FM2+",Air
Scythe SCMG-4000 Mugen 4,"1150, 1151, 1155, 1156, 1366, 2011, 2011-V3, 775, AM2, AM2+, AM3, AM3+, FM1, FM2, FM2+",Air
Scythe SCMG-4PCGH Mugen 4 ´´PCGH Edition´´,"1150, 1151, 1155, 1156, 1366, 2011, 2011-V3, 775, AM2, AM2+, AM3, AM3+, FM1, FM2, FM2+",Air
Scythe SCMG-5000 Mugen 5,"1150, 1151, 1155, 1156, 1366, 2011, 2011-V3, 775, AM2, AM2+, AM3, AM3+, FM1, FM2, FM2+",Air
Scythe SCMG-5100 Mugen 5 Rev.B  - 120mm,"1150, 1151, 1155, 1156, 1366, 2011, 2011-V3, 2066, 775, AM2, AM3, AM3+, FM1, FM2, FM2+",Air
"Scythe SCMG-5100TUF Mugen 5 TUF , RGB, PWM - 120mm","1150, 1151, 1155, 1156, 1366, 2011, 2011-V3, 2066, 775, AM2, AM3, AM3+, AM4, FM1, FM2, FM2+",Air
"Scythe SCMG-5PCGH Mugen 5 ""PCGH Edition""","1150, 1151, 1155, 1156, 1366, 2011, 2011-V3, 2066, 775, AM2, AM3, AM3+, AM4, FM1, FM2, FM2+",Air
Scythe SCMGD-1000 Mugen MAX  - 140mm,"1150, 1151, 1155, 1156, 1366, 2011, 2011-V3, 2066, 775, AM2, AM3, AM3+, FM1, FM2, FM2+",Air
Scythe SCNJ-4000 Ninja 4 - 120mm,"1150, 1151, 1155, 1156, 1366, 2011, 2011-V3, 2066, 775, AM2, AM3, AM3+, FM1, FM2, FM2+",Air
Scythe SCNJ-5000 Ninja 5  - 120mm,"1150, 1151, 1155, 1156, 1366, 2011, 2011-V3, 2066, 775, AM2, AM3, AM3+, AM4, FM1, FM2, FM2+",Air
Scythe SCSK-1100 Shuriken Rev.2,"1150, 1151, 1155, 1156, 1366, 478, 754, 775, 939, 940, AM2, AM3, AM3+, AM4, FM1, FM2, FM2+",Air
Scythe Shuriken 2 - 92mm,"1200, 1150, 1151, 1155, 1156, 1366, 775, AM4, AM3+, AM3, AM2, FM2+, FM2, FM1",Air
Scythe Tatsumi für Intel,"AM2, AM2+, AM3, AM3+, FM1, FM2, FM2+, AM4",Air
SILVERSTONE AR01 120mm Sleeve,"FM2,FM1,AM3,AM2, 1150,2011,1366,1156,1155,775",Air
SILVERSTONE AR02 92mm Hypro Bearing,"FM2,FM1,AM3,AM2, 1150,2011,1366,1156,1155,775",Air
SILVERSTONE AR03 120mm Sleeve,"K8 , AM2 , AM2+ , AM3 ,  775 ,  1150 ,   1156 ,  1366",Air
SILVERSTONE AR07 140mm Long life sleeve,"775,1150,1151,1155,1156,1366,2011,2011-V3, AM2,AM3,FM1,FM2",Air
SILVERSTONE AR08 140mm Long life sleeve,"775,1150,1151,1155,1156,1366,2011,2011-V3,AM2,AM3,FM1,FM2",Air
SilverStone AR12-TUF,"1152, 2066, 2011, 1700, 1366, 1200, 1150,1151,1155,1156, 1150, 1151, 1155, 1156, 775, AM5, AM4, AM3, AM2, FM2, FM1",Air
SilverStone Argon,"2066, 2011, 1366, 1200, 1150, 1152, 1151, 1155, 1156, AM5, AM4, AM3, AM2, FM2, FM1",Air
SilverStone Argon Series AR04 Low Profile  with 80mm Fan for Socket LGA1150/1156/1155,"1150,1151,1155,1156",Air
"SilverStone Argon Series AR05 Rifle Bearing  with 92mm Fan for Socket LGA1155/1156/1150, AM2/AM3/FM1/FM2","1155,1156,1150, AM2,AM3,FM1,FM2",Air
"SilverStone Argon Series AR06 Rifle Bearing  with 92mm Fan for Socket LGA1155/1156/1150, AM2/AM3/FM1/FM2","1155,1156,1150, AM2,AM3,FM1,FM2",Air
Silverstone Argon SST-AR01  - 120mm,"1150, 1151, 1155, 1156, 1366, 2011, 2011-V3, 775, AM2, AM3, FM1, FM2, FM2+",Air
Silverstone Argon SST-AR01-V2  - 120mm,"1150, 1151, 1155, 1156, 1366, 2011, 2011-V3, 2066, 775, AM2, AM3, AM3+, AM4, FM1, FM2, FM2+",Air
Silverstone Argon SST-AR01-V3  - 120mm,"1150, 1151, 1155, 1156, 1366, 2011, 2011-V3, 2066, 775, AM2, AM3, AM3+, AM4, FM1, FM2",Air
Silverstone Argon SST-AR02  - 92mm,"1150, 1151, 1155, 1156, 1366, 2011, 2011-V3, 775, AM2, AM3, FM1, FM2, FM2+",Air
Silverstone Argon SST-AR02-V2  - 92mm,"1150, 1151, 1155, 1156, 1366, 2011, 2011-V3, 2066, 775, AM2, AM3, AM3+, AM4, FM1, FM2, FM2+",Air
Silverstone Argon SST-AR03  - 120mm,"1150, 1151, 1155, 1156, 1366, 2011, 2011-V3, 2066, 775, AM2, AM3, AM3+, FM1, FM2, FM2+",Air
Silverstone Argon SST-AR03-V2  - 120mm,"1150, 1151, 1155, 1156, 1366, 2011, 2011-V3, 2066, 775, AM2, AM3, AM3+, AM4, FM1, FM2, FM2+",Air
Silverstone Argon SST-AR04 (only Thin-Mini-ITX),"1150, 1151, 1155, 1156",Air
Silverstone Argon SST-AR05  - 92mm,"1150, 1151, 1155, 1156, AM2, AM3, AM3+, FM1, FM2, FM2+",Air
Silverstone Argon SST-AR06  - 92mm,"1150, 1151, 1155, 1156, AM2, AM3, AM3+, FM1, FM2, FM2+",Air
Silverstone Argon SST-AR11  - 92mm,"1150, 1151, 1155, 1156",Air
SILVERSTONE HE02,"FM2,FM1,AM3,AM2, 1150,2011,1366,1156,1155,775",Air
Silverstone Hydrogon D120-ARGB,"1200, 1150, 1151, 1155, 1156, 1366, 2011, 2066, 775, AM4, AM3, AM2, FM2, FM1",Air
"Silverstone IceGem 280 , ARGB - 280 mm","1200, 1150, 1151, 1155, 1156, 1366, 2011, 2066, AM4, AM3, AM2, FM2, FM1, sTRX4, TR4",AIO
"Silverstone Nitrogon NT08-115X-V2 , PWM - 92mm","1150, 1151, 1155, 1156",Air
"Silverstone Nitrogon NT09-115X , PWM - 92 mm","1150, 1151, 1155, 1156",Air
Silverstone Nitrogon SST-NT07-115X Low Profile,"1150, 1151, 1155, 1156",Air
SILVERSTONE NT07-115X 80mm,"1150 , 1155 , 1156",Air
SILVERSTONE NT09-115X 92mm,"1156,1155,1150,1151",Air
"Silverstone Permafrost PF240-ARGB V2,  - 240 mm","1700, 1200, 1150, 1151, 1155, 1156, 2011, 2066, AM4, AM3, AM2, FM2, FM1",AIO
"Silverstone Permafrost PF240W-ARGB, V2 , white - 240 mm","1700, 1200, 1150, 1151, 1155, 1156, 2011, 2066, AM4, AM3, AM2, FM2, FM1",AIO
"Silverstone Permafrost PF360-ARGB, V2  - 360 mm","1700, 1200, 1150, 1151, 1155, 1156, 2011, 2066, AM4, AM3, AM2, FM2, FM1",AIO
"Silverstone Permafrost PF360-ARGB, V2 , white - 360 mm","1700, 1200, 1150, 1151, 1155, 1156, 2011, 2066, AM4, AM3, AM2, FM2, FM1",AIO
"Silverstone PF360W-ARGB , 360mm - white","1200, 1150, 1151, 1155, 1156, 1366, 2011, 2066, 775, AM4, AM3, AM2, FM2, FM1",AIO
Silverstone SST-AR01-V2.1 - Argon Processor Kühler - 120mm,"1150, 1151, 1155, 1156, 1366, 2011, 2011-V3, 2066, 775, AM2, AM3, AM3+, AM4, FM1, FM2, FM2+",Air
Silverstone SST-AR07  - 140 mm,"1150, 1151, 1155, 1156, 1366, 2011, 2011-V3, 2066, 775, AM2, AM3, AM3+, FM1, FM2, FM2+",Air
Silverstone SST-AR07-V2  - 140 mm,"1150, 1151, 1155, 1156, 1366, 2011, 2011-V3, 2066, 775, AM3, AM3+, AM4, FM1, FM2, FM2+",Air
Silverstone SST-AR08  - 92 mm,"1150, 1151, 1155, 1156, 2011, 2011-V3, 775, AM2, AM2+, AM3, AM3+, FM1, FM2, FM2+",Air
Silverstone SST-AR08-V2  - 92 mm,"1150, 1151, 1155, 1156, 1366, 2011, 2011-V3, 2066, 775, AM2, AM3, AM3+, AM4, FM1, FM2, FM2+",Air
SILVERSTONE SST-AR09-115XP 60mm 2 Ball,"1151 ,  1150 , 1155 , 1156",Air
SILVERSTONE SST-AR09-115XS 60mm 2 Ball,"1151 ,  1150 , 1155 , 1156",Air
Silverstone SST-AR09-1700,1700,Air
SilverStone SST-AR09-AM4 Processor Kühler für 2U Server - AMD AM4,"AM5, AM4",Air
SILVERSTONE SST-AR10-115XP 70mm 2 Ball,"1151 ,  1150 , 1155 , 1156",Air
SILVERSTONE SST-AR10-115XS 70mm 2 Ball,"1151 ,  1150 , 1155 , 1156",Air
Silverstone SST-HE01 Heligon,"1150, 1151, 1155, 1156, 1366, 2011, 2011-V3, 2066, 775, AM2, AM3, AM3+, FM1, FM2, FM2+",Air
Silverstone SST-HE01-V2 - Heligon Processor Kühler - 140mm,"1150, 1151, 1155, 1156, 1366, 2011, 2011-V3, 2066, AM2, AM3, AM4, FM1, FM2",Air
Silverstone SST-HE02-V2 Heligon,"1150, 1151, 1155, 1156, 1366, 2011, 2011-V3, 775, AM2, AM3, AM3+, AM4, FM1, FM2, FM2+",Air
SilverStone SST-HYD120-ARGB-V2,"2066, 2011, 1700, 1366, 1200, 1150, 1151, 1155, 1156, 775, AM4, AM3, AM2, FM2, FM1",Air
SilverStone SST-HYH90-ARGB - Hydrogon Processor Kühler,"2066, 2011, 1700, 1200, 1150, 1152, 1151, 1155, 1156, AM5, AM4",Air
Silverstone SST-IG240P-ARGB,"1200, SP3, 1150, 1151, 1155, 1156, 1366, 2011, 2066, AM2, AM3, AM4, FM1, FM2, TR4, sTRX4",AIO
Silverstone SST-IG360-ARGB,"1200, 1150, 1151, 1155, 1156, 1366, 2011, 2066, AM2, AM3, AM4, FM1, FM2, TR4, sTRX4",AIO
"Silverstone SST-KR01 - Kryton Processor Kühler, Low Profile - 80mm","AM2, AM3, AM3+, AM4, FM1, FM2",Air
Silverstone SST-KR02 - Kryton Processor Kühler - 92mm,"1150, 1151, 1155, 1156, 1366, 2011, 2011-V3, 2066",Air
SilverStone SST-KR03 - Kryton Processor Kühler,"1366, 1200, 1150, 1152, 1151, 1155, 1156, 775, AM5, AM4, AM3, AM2, FM2, FM1",Air
Silverstone SST-NT06-PRO Nitrogon,"1150, 1151, 1155, 1156, 1366, 2011, 2011-V3, 2066, 775, AM2, AM3, AM3+, FM1, FM2, FM2+",Air
Silverstone SST-NT06-PRO-V2 Nitrogon  - 120 mm,"1150, 1151, 1155, 1156, 1366, 2011, 2011-V3, 2066, 775, AM2, AM3, AM3+, AM4, FM1, FM2, FM2+",Air
SilverStone SST-NT07-1700 Low Profile,1700,Air
Silverstone SST-NT07-AM2,"AM2, AM3, AM3+, FM1, FM2, FM2+",Air
Silverstone SST-NT08-115XP  - 80 mm,"1150, 1151, 1155, 1156",Air
SilverStone SST-NT09-1700 - Nitrogon Processor Kühler - 92mm,1700,Air
Silverstone SST-PF120-ARGB  - 120 mm,"1150, 1151, 1155, 1156, 1366, 2011, 2011-V3, 2066, 775, AM2, AM3, AM3+, AM4, FM1, FM2, FM2+",AIO
"Silverstone SST-PF120-ARGB-V2,  - 120 mm","1700, 1200, 1150, 1151, 1155, 1156, 2011, 2066, AM4, AM3, AM2, FM2, FM1",AIO
Silverstone SST-PF240-ARGB  - 240 mm,"1150, 1151, 1155, 1156, 1366, 2011, 2011-V3, 2066, 775, AM2, AM3, AM3+, AM4, FM1, FM2, FM2+",AIO
Silverstone SST-PF360-ARGB  - 360 mm,"1150, 1151, 1155, 1156, 1366, 2011, 2011-V3, 2066, 775, AM2, AM3, AM3+, AM4, FM1, FM2, FM2+",AIO
Silverstone SST-TD02-Slim Tundra,"1150, 1151, 1155, 1156, 1366, 2011, 2011-V3, 775, AM2, AM3, AM3+, AM4, FM1, FM2",AIO
Silverstone SST-XE01-2011 - Xenon Processor Passiv Kühler - Intel LGA2011/2066,"2011, 2011-V3, 2066",Air
Silverstone SST-XE02-2011 - Xenon Processor Kühler für 2U Server - Intel LGA2011/2066,"2011, 2011-V3, 2066",Air
Silverstone SST-XE02-2066 Xeon- für 2U-Server - Intel LGA2011 / 2066,"2011, 2066",Air
Silverstone SST-XE02-3647N Xeon- für 2U Server - Intel LGA 3647,3647,Air
Silverstone SST-XE02-3647S Xeon- für 2U-SFF-Server - Intel LGA 3647,3647,Air
SilverStone SST-XE02-4677 - Xeon Processor Kühler für 2U Server - Intel LGA 4677,4677,Air
SilverStone SST-XE04-2066 - Processor Kühler für 4 U Server - Intel LGA2011/2066,"2066, 2011",Air
Silverstone SST-XE04-4189B,4189,Air
SilverStone SST-XE04-4677 - Xeon Processor Kühler für 4U Server - Intel LGA4677,4677,Air
SilverStone SST-XE04-SP3 - Processor Kühler für 4 U Server - AMD SP3/TR4 sockets,"SP3, TR4",Air
Silverstone Tundra TD02-RGB,"1150, 1151, 1155, 1156, 1366, 2011, 2066, 775, AM3, AM3+, AM4, FM1, FM2, FM2+",AIO
"SilverStone VIDA 120 SLIM, , black","2066, 2011, 1700, 1200, 1150, 1152, 1151, 1155, 1156, AM5, AM4",AIO
"SilverStone VIDA 240 SLIM, , black","2066, 2011, 1700, 1200, 1150, 1152, 1151, 1155, 1156, AM5, AM4",AIO
SUPERMICRO SNK-P0047P,"X9, X10",Air
Thermalright Assassin Spirit 120 Evo Dark - 120 mm,"1700, 1200, 1156, 1155, 1154, 1152, 1151, 1150, AM5, AM4",Air
Thermalright AXP-200R ROG Processor Cooler,"775, 1150, 1151, 1155, 1156, 1366, 2011, 2011-V3, AM2, AM2+, AM3, AM3+, FM1, FM2, FM2+, AM4",Air
Thermalright Macho 120 SBM Processor Cooler,"775, 1150, 1151, 1155, 1156, 1366, 2011, 2011-V3, AM2, AM3, AM3+, FM1, FM2, FM2+, AM4",Air
Thermalright Macho 90 Processor Cooler,"775, 1150, 1151, 1155, 1156, 1366, AM2, AM3, AM3+, FM1, FM2, FM2+, AM4",Air
Thermalright Macho Direct Processor Cooler,"775, 1150, 1151, 1155, 1156, 1366, 2011, 2011-V3, AM2, AM3, AM3+, FM1, FM2, FM2+",Air
Thermalright Macho X2 Processor Cooler,"775, 1150, 1151, 1155, 1156, 1366, 2011, 2011-V3, AM2, AM3, AM3+, FM1, FM2, FM2+, AM4",Air
Thermalright True Spirit 120 M BW Processor Cooler,"AM2, AM2+, AM3, FM1, FM2, FM2+, AM4, 775, 1150, 1151, 1155, 1156, 1366, 2011, 2011-V3",Air
Thermalright True Spirit 140 Power Processor Cooler,"1150, 1151, 1155, 1156, 1366, 2011, 2011-V3, AM2, AM2+, AM3, AM3+, FM1, FM2, FM2+, AM4",Air
Thermalright True Spirit 90 M Rev.A Processor Cooler,"775, 1150, 1151, 1155, 1156, 1366, AM2, AM2+, AM3, AM3+, FM1, FM2, FM2+, AM4",Air
Thermaltake Engine 17 Low-Profile,"1150, 1151, 1155, 1156",Air
Thermaltake Floe Riing RGB TT Premium-Edition,"1150, 1151, 1155, 1156, 1366, 2011, 2011-V3, 2066, AM2, AM3, AM3+, AM4, FM1, FM2, FM2+",AIO
Thermaltake Floe Riing RGB TT Premium-Edition,"1150, 1151, 1155, 1156, 1366, 2011, 2011-V3, 2066, AM2, AM3, AM3+, AM4, FM1, FM2, FM2+, TR4",AIO
Thermaltake Floe Riing RGB TT Premium-Edition,"1150, 1151, 1155, 1156, 1366, 2011, 2011-V3, 2066, AM2, AM3, AM3+, AM4, FM1, FM2, FM2+",AIO
Thermaltake Riing Silent 12 Blue  - 120mm,"1150, 1151, 1155, 1156, 1366, 2011, 2011-V3, 2066, 775, 939, 940, AM2, AM3, AM3+, FM1, FM2, FM2+",Air
Thermaltake Riing Silent 12 Pro Blue  - 120mm,"1150, 1151, 1155, 1156, 1366, 2011, 2011-V3, 2066, 775, AM2, AM3, AM3+, FM1, FM2, FM2+",Air
Thermaltake Riing Silent 12 Pro Red  - 120mm,"1150, 1151, 1155, 1156, 1366, 2011, 2011-V3, 2066, 775, AM2, AM3, AM3+, FM1, FM2, FM2+",Air
Thermaltake Riing Silent 12 Red  - 120mm,"1150, 1151, 1155, 1156, 1366, 2011, 2011-V3, 2066, 775, AM1, AM2, AM3, AM3+, FM1, FM2, FM2+",Air
Thermaltake Riing Silent 12 RGB Sync Edition  - 120mm,"1150, 1151, 1155, 1156, 1366, 2011, 2011-V3, 2066, 775, AM2, AM3, AM3+, AM4, FM1, FM2",Air
Thermaltake Water 3.0 ARGB Sync,"1150, 1151, 1155, 1156, 1366, 2011, 2011-V3, 2066, AM2, AM3, AM3+, AM4, FM1, FM2, FM2+",AIO
Thermaltake Water 3.0 ARGB Sync,"1150, 1151, 1155, 1156, 1366, 2011, 2011-V3, 2066, AM2, AM3, AM3+, AM4, FM1, FM2, FM2+",AIO
Thermaltake Water 3.0 ARGB Sync,"1150, 1151, 1155, 1156, 1366, 2011, 2011-V3, 2066, AM2, AM3, AM3+, AM4, FM1, FM2, FM2+",AIO
"Thermaltake Water 3.0 Riing , red - 140 mm","1150, 1151, 1155, 1156, 1366, 2011, 2011-V3, 2066, AM2, AM3, AM3+, AM4, FM1, FM2, FM2+",AIO
"Thermaltake Water 3.0 Riing , red - 280 mm","1150, 1151, 1155, 1156, 1366, 2011, 2011-V3, 2066, AM2, AM3, AM3+, AM4, FM1, FM2, FM2+",AIO
Thermaltake Water 3.0 Riing RGB  - 240 mm,"1150, 1151, 1155, 1156, 1366, 2011, 2011-V3, 2066, AM2, AM3, AM3+, AM4, FM1, FM2, FM2+, TR4, sTRX4",AIO
Thermaltake Water 3.0 Riing RGB  - 280 mm,"1150, 1151, 1155, 1156, 1366, 2011, 2011-V3, 2066, AM2, AM3, AM3+, AM4, FM1, FM2, FM2+",AIO
Thermaltake Water 3.0 Riing RGB  - 360 mm,"1150, 1151, 1155, 1156, 1366, 2011, 2011-V3, 2066, AM2, AM3, AM3+, AM4, FM1, FM2, FM2+, TR4, sTRX4",AIO
Titan DC-155A915Z/RPW 95mm Z-AXIS,"1155 , 1156 , 1150",Air
"Titan TTC-NA02TZ/RPW/CU30 95mm Z-AXIS Copper Cooler for socket 1150,1155 & 1156","1150 , 1155 , 1156",Air
Titan TTC-NA43TZ/CU35 95mm Z-AXIS,2011,Air
Xigmatek Loki II Heatpipe  - 92mm,"1150, 1155, 1156, 1366, 775, AM2, AM2+, AM3, AM3+, FM1, FM2, FM2+",Air
Xigmatek Praeton LD963  - 90mm,"1150, 1151, 1155, 1156, 775, AM2, AM2+, AM3, AM3+, FM1, FM2, FM2+",Air
Xilence A402 AMD  - 92mm PWM,"AM2, AM2+, AM3, AM3+, AM4, FM1, FM2, FM2+",Air
Xilence M403 Multisockel  - 92mm PWM,"1150, 1151, 1155, 1156, 2011, 2011-V3, AM2, AM2+, AM3, AM3+, AM4, FM1, FM2, FM2+",Air
ZALMAN CNPS10X OPTIMA 120mm FSB (Fluid Shield Bearing) Shark's Fin Blade  (LGA 2011 version),"2011 , 1150 , 1155 , 1156 , 1366 , 775, FM1 , AM3+ , AM3 , AM2+ , AM2",Air
Zalman CNPS10X OPTIMA II  - black,"1150, 1151, 1155, 1156, 1366, 2011, 2066, AM2, AM3, AM3+, AM4, FM2, FM2+",Air
Zalman CNPS10X OPTIMA II  - white,"1150, 1151, 1155, 1156, 1366, 2011, 2066, AM2, AM3, AM3+, AM4, FM2, FM2+",Air
Zalman CNPS10X Optima II RGB - black,"1150, 1151, 1155, 1156, 1366, 2011, 2066, AM4, AM3+, FM2+",Air
Zalman CNPS10X Optima II RGB - white,"1150, 1151, 1155, 1156, 1366, 2011, 2066, AM4, AM3+, FM2+",Air
Zalman CNPS10X Performa - black,"1200, 1150, 1151, 1155, 1156, 1366, 2011, 2066, AM4",Air
ZALMAN CNPS10X Performa 120mm Long life,"1150 , 775 , 1155 , 1156 , 1366 , 2011, 754  , 939 , 940 , AM2 , AM2+ , AM3",Air
ZALMAN CNPS10X Performa+ 120mm Long Life Bearing,"775 , 1150 , 1151 , 1155 , 1156 , 1366 , 2011, 754  , 939 , 940 , AM2 , AM2+ , AM3 , AM3+ , FM1 , FM2",Air
Zalman CNPS11X Performa+,"1150, 1151, 1155, 1156, 1366, 754, 775, 939, 940, AM2, AM2+, AM3, AM3+, FM1, FM2, FM2+",Air
Zalman CNPS16X  - black,"1150, 1151, 1155, 1156, 2011, 2011-V3, 2066, AM3, AM3+, AM4",Air
Zalman CNPS16X  - white,"1150, 1151, 1155, 1156, 2011-V3, 2011, 2066, AM4, AM3+, AM3, AM2",Air
Zalman CNPS17X  - black,"1150, 1151, 1155, 1156, 2011, 2011-V3, 2066, AM3, AM4",Air
Zalman CNPS20X  - black,"1150, 1151, 1155, 1156, 2011, 2011-V3, 2066, AM3, AM4",Air
ZALMAN CNPS2X 80mm Long Life Bearing,"1155 , 1156 , 1150 , 775, FM1 , FM2 , AM3+ , AM3 , AM2+ , AM2",Air
Zalman CNPS4X,"1150, 1151, 1155, 1156, 775, AM3, AM3+, AM4, FM2, FM2+",Air
Zalman CNPS4X RGB - 92mm,"1200, 1150, 1151, 1155, 1156, 775, AM4, AM3+, AM3, FM2+, FM2",Air
Zalman CNPS5X Performa,"1150, 1151, 1155, 1156, 754, 775, 939, 940, AM2, AM3, AM3+, FM1, FM2, FM2+",Air
Zalman CNPS7600 PWM,"1150, 1151, 1155, 1156, 775, AM2, AM3, AM3+, FM1, FM2, FM2+",Air
Zalman CNPS7X LED+ V-Shaped Processor Cooler,"1150, 1151, 1155, 1156, 1366, 775, AM2, AM3, AM3+, FM1, FM2, FM2+",Air
Zalman CNPS80F Ultra Quiet,"1150, 1151, 1155, 1156, 775, AM2, AM3, AM3+, FM1, FM2, FM2+",Air
Zalman CNPS80G,"1150, 1151, 1155, 1156",Air
Zalman CNPS80G Rev.1,"1150, 1151, 1155, 1156, 775, AM4, AM3+, AM3",Air
Zalman CNPS8900 Quiet,"1150, 1151, 1155, 1156, 1366, 775, AM2, AM3, AM3+, FM1, FM2, FM2+",Air
Zalman CNPS8X Optima,"1150, 1151, 1155, 1156, 775, AM2, AM3, AM3+, FM1, FM2, FM2+",Air
ZALMAN CNPS8X Optima 100mm Long Life Bearing HIGH PERFORMANCE Processor COOLER,"1151,1150,FM2,FM2+,940,939,754,AM2+,AM2,AM3+,AM3,FM1,775,1156,1155",Air
Zalman CNPS90F Ultra Quiet,"1150, 1151, 1155, 1156, 775, AM2, AM3, AM3+, FM1, FM2, FM2+",Air
ZALMAN CNPS9500A-LED 92mm 2 Ball,"775, 1155, 1156, 1150, 754, 939, 940, AM2, AM2+, AM3",Air
Zalman CNPS9900 MAX Processor Cooler - blue,"1150, 1151, 1155, 1156, 1366, 775, AM2, AM2+, AM3, AM3+, FM1, FM2, FM2+",Air
Zalman CNPS9X Optima,"1150, 1151, 1155, 1156, 775, AM3, AM3+, AM4, FM2, FM2+",Air
